date,open,high,low,close,adj_close,volume,ticker,year,month,day_name,price_range,daily_return,volume_category
01-04-2022,725,738.2999878,723.0999756,736.25,725.8831787,12658848,ICICIBANK.NS,2022,4,Friday,15.2000122,1.551724138,Medium
04-04-2022,742,749.7999878,725,746.5999756,736.0874023,17192197,ICICIBANK.NS,2022,4,Monday,24.7999878,0.619942803,High
05-04-2022,746.7999878,755.4500122,738,741.7999878,731.3549805,12290391,ICICIBANK.NS,2022,4,Tuesday,17.4500122,-0.66952331,Medium
06-04-2022,732.2999878,744.9000244,732.0999756,741.5999756,731.1578369,13518142,ICICIBANK.NS,2022,4,Wednesday,12.8000488,1.269969678,Medium
07-04-2022,737.0999756,757.7999878,737.0999756,748.5499878,738.0099487,15087175,ICICIBANK.NS,2022,4,Thursday,20.7000122,1.553386593,Medium
08-04-2022,749.8499756,756,743.5999756,754.2999878,743.6790161,15480705,ICICIBANK.NS,2022,4,Friday,12.4000244,0.59345367,Medium
11-04-2022,752.2999878,765.4500122,751.6500244,759.5999756,748.9043579,13216391,ICICIBANK.NS,2022,4,Monday,13.7999878,0.970355964,Medium
12-04-2022,757,768.9000244,750.25,763.8499756,753.0945435,14020000,ICICIBANK.NS,2022,4,Tuesday,18.6500244,0.904884491,Medium
13-04-2022,769.5999756,772.5499878,760.7000122,762.25,751.5170898,16119956,ICICIBANK.NS,2022,4,Wednesday,11.8499756,-0.95503844,High
18-04-2022,751,762.9000244,749.2000122,757.7999878,747.1296997,17651530,ICICIBANK.NS,2022,4,Monday,13.7000122,0.905457763,High
19-04-2022,761.7999878,777.9000244,757,766.2999878,755.5100098,31088359,ICICIBANK.NS,2022,4,Tuesday,20.9000244,0.590706232,High
20-04-2022,766.7999878,770,753.7999878,755.5499878,744.911377,15984202,ICICIBANK.NS,2022,4,Wednesday,16.2000122,-1.467136174,High
21-04-2022,759.0499878,764.2000122,751.2000122,762.3499756,751.6156616,8953098,ICICIBANK.NS,2022,4,Thursday,13,0.434752368,Low
22-04-2022,757,758.8499756,745.9000244,747.6500244,737.1226807,14411607,ICICIBANK.NS,2022,4,Friday,12.9499512,-1.235135482,Medium
25-04-2022,747.6500244,762.2000122,744,752.2000122,741.6085815,35417460,ICICIBANK.NS,2022,4,Monday,18.2000122,0.608571879,High
26-04-2022,768,768.5499878,751.6500244,753.75,743.1367798,18727514,ICICIBANK.NS,2022,4,Tuesday,16.8999634,-1.85546875,High
27-04-2022,749,750,732.5499878,736.7000122,726.3268433,21441480,ICICIBANK.NS,2022,4,Wednesday,17.4500122,-1.642187957,High
28-04-2022,739.0999756,751.9000244,734.6500244,747.1500244,736.6297607,18649559,ICICIBANK.NS,2022,4,Thursday,17.25,1.089169134,High
29-04-2022,750.0999756,759.9500122,740.0999756,743.2999878,732.8339233,19560317,ICICIBANK.NS,2022,4,Friday,19.8500366,-0.906544197,High
02-05-2022,732,743.7999878,731.0999756,741,730.5662842,10903446,ICICIBANK.NS,2022,5,Monday,12.7000122,1.229508197,Low
04-05-2022,746.2000122,747,721.1500244,724.25,714.052124,12212165,ICICIBANK.NS,2022,5,Wednesday,25.8499756,-2.941572211,Medium
05-05-2022,730.7999878,743,726.5,728.7999878,718.5380249,9121547,ICICIBANK.NS,2022,5,Thursday,16.5,-0.273672692,Low
06-05-2022,716.25,723,710.2999878,719.25,709.1225586,12455025,ICICIBANK.NS,2022,5,Friday,12.7000122,0.418848168,Medium
09-05-2022,705.2999878,720,704.4500122,710.3499756,700.3478394,13055889,ICICIBANK.NS,2022,5,Monday,15.5499878,0.716005655,Medium
10-05-2022,705,720,705,711.2999878,701.2844849,12797419,ICICIBANK.NS,2022,5,Tuesday,15,0.893615291,Medium
11-05-2022,718,719.7999878,707.1500244,714.2000122,704.1436768,13516852,ICICIBANK.NS,2022,5,Wednesday,12.6499634,-0.529246212,Medium
12-05-2022,707.5499878,710.7000122,693.2999878,695.7999878,686.0026855,16685166,ICICIBANK.NS,2022,5,Thursday,17.4000244,-1.660660053,High
13-05-2022,702.4000244,702.4000244,675,677.3499756,667.8125,15717043,ICICIBANK.NS,2022,5,Friday,27.4000244,-3.566350787,Medium
16-05-2022,676.7000122,690.9500122,675.75,683,673.3829346,9025623,ICICIBANK.NS,2022,5,Monday,15.2000122,0.930986802,Low
17-05-2022,686.0999756,712,685.1500244,710,700.0028076,12765052,ICICIBANK.NS,2022,5,Tuesday,26.8499756,3.483460902,Medium
18-05-2022,712.3499756,717,706.0999756,707.3499756,697.3900757,11835013,ICICIBANK.NS,2022,5,Wednesday,10.9000244,-0.701902179,Medium
19-05-2022,693.0999756,698.7000122,685.5999756,690.2999878,680.5801392,16661023,ICICIBANK.NS,2022,5,Thursday,13.1000366,-0.403980363,High
20-05-2022,694.7999878,711.9000244,693.7000122,709.5499878,699.559082,11695528,ICICIBANK.NS,2022,5,Friday,18.2000122,2.122913106,Medium
23-05-2022,709.5499878,725.9500122,707.4500122,711.0499878,701.0379639,17438451,ICICIBANK.NS,2022,5,Monday,18.5,0.211401596,High
24-05-2022,711.0499878,717.3499756,706.0499878,708.1500244,698.178833,13779981,ICICIBANK.NS,2022,5,Tuesday,11.2999878,-0.407842409,Medium
25-05-2022,712.0499878,720.8499756,711.5999756,713.3499756,703.305603,10457589,ICICIBANK.NS,2022,5,Wednesday,9.25,0.182569738,Low
26-05-2022,723,733,715.4500122,728.5,718.2422485,14028733,ICICIBANK.NS,2022,5,Thursday,17.5499878,0.760719225,Medium
27-05-2022,733.5499878,741.2000122,731.25,739.7999878,729.3831787,8110620,ICICIBANK.NS,2022,5,Friday,9.9500122,0.852021008,Low
30-05-2022,748.75,751.9500122,744.2999878,748.5,737.9606934,7628515,ICICIBANK.NS,2022,5,Monday,7.6500244,-0.033388982,Low
31-05-2022,741,756.7000122,740.5,752.8499756,742.2493896,20272212,ICICIBANK.NS,2022,5,Tuesday,16.2000122,1.599186991,High
01-06-2022,748,755.5999756,744.2000122,752.6500244,742.0522461,10102092,ICICIBANK.NS,2022,6,Wednesday,11.3999634,0.621661016,Low
02-06-2022,751.0499878,751.75,743.2000122,749.75,739.1931152,10949759,ICICIBANK.NS,2022,6,Thursday,8.5499878,-0.173089384,Low
03-06-2022,756.1500244,757,741.2000122,744.2999878,733.8198242,8563791,ICICIBANK.NS,2022,6,Friday,15.7999878,-1.567154165,Low
06-06-2022,740.2000122,750.9500122,739.5999756,746.75,736.2352905,9107831,ICICIBANK.NS,2022,6,Monday,11.3500366,0.884894311,Low
07-06-2022,741,742.9500122,732.3499756,735.25,724.8972168,9938912,ICICIBANK.NS,2022,6,Tuesday,10.6000366,-0.775978408,Low
08-06-2022,736.5999756,741,726.4500122,729.5,719.2282715,9369224,ICICIBANK.NS,2022,6,Wednesday,14.5499878,-0.963884854,Low
09-06-2022,725,734.0999756,722.1500244,732.75,722.4324951,7444368,ICICIBANK.NS,2022,6,Thursday,11.9499512,1.068965517,Low
10-06-2022,724.75,728.2999878,718,720,709.8619385,7990818,ICICIBANK.NS,2022,6,Friday,10.2999878,-0.655398413,Low
13-06-2022,702.25,702.2999878,682.0999756,688,678.312561,16622521,ICICIBANK.NS,2022,6,Monday,20.2000122,-2.029191883,High
14-06-2022,682.4000244,694.6500244,680.6500244,685.5,675.8477783,13348598,ICICIBANK.NS,2022,6,Tuesday,14,0.454275423,Medium
15-06-2022,687.5,696.3499756,686.0999756,687.25,677.5731201,9199591,ICICIBANK.NS,2022,6,Wednesday,10.25,-0.036363636,Low
16-06-2022,700,700.0499878,676.2999878,678.5,668.9462891,13237239,ICICIBANK.NS,2022,6,Thursday,23.75,-3.071428571,Medium
17-06-2022,671.25,692.6500244,669.9500122,686.8499756,677.1787109,16335613,ICICIBANK.NS,2022,6,Friday,22.7000122,2.324018711,High
20-06-2022,686,687.7999878,677.5999756,685.9500122,676.2914429,10981042,ICICIBANK.NS,2022,6,Monday,10.2000122,-0.007286851,Low
21-06-2022,690.5499878,708,688.5999756,696.0999756,686.2984619,13319648,ICICIBANK.NS,2022,6,Tuesday,19.4000244,0.803705437,Medium
22-06-2022,694.25,698.9000244,685.0999756,686.5999756,676.932251,6838249,ICICIBANK.NS,2022,6,Wednesday,13.8000488,-1.101912049,Low
23-06-2022,690.2000122,706,687,699.1500244,689.305603,14960412,ICICIBANK.NS,2022,6,Thursday,19,1.296727331,Medium
24-06-2022,710.9000244,715.25,706.5499878,713.4500122,703.4041748,10856736,ICICIBANK.NS,2022,6,Friday,8.7000122,0.358698511,Low
27-06-2022,728.8499756,728.8499756,716.0999756,717.3499756,707.2492676,8285225,ICICIBANK.NS,2022,6,Monday,12.75,-1.577828138,Low
28-06-2022,711.0499878,717.2999878,707,710.2999878,700.298584,8339931,ICICIBANK.NS,2022,6,Tuesday,10.2999878,-0.105477816,Low
29-06-2022,704.9500122,706.7000122,700.9500122,702.75,692.8549194,9570557,ICICIBANK.NS,2022,6,Wednesday,5.75,-0.312080596,Low
30-06-2022,702.75,711.9000244,701.2000122,707.2000122,697.2421875,11970404,ICICIBANK.NS,2022,6,Thursday,10.7000122,0.633228346,Medium
01-07-2022,703.4500122,706.75,694.0999756,703.9000244,693.9887085,9884899,ICICIBANK.NS,2022,7,Friday,12.6500244,0.063972165,Low
04-07-2022,704.8499756,721.0999756,704.8499756,720.0999756,709.9605713,8303732,ICICIBANK.NS,2022,7,Monday,16.25,2.163580979,Low
05-07-2022,723.0499878,732.1500244,718.0999756,719.4500122,709.3197632,11460367,ICICIBANK.NS,2022,7,Tuesday,14.0500488,-0.497887513,Medium
06-07-2022,723,731.9000244,722,725.9500122,715.7282104,12163533,ICICIBANK.NS,2022,7,Wednesday,9.9000244,0.408023817,Medium
07-07-2022,735.9500122,744,733,742,731.5522461,10374018,ICICIBANK.NS,2022,7,Thursday,11,0.822065045,Low
08-07-2022,751.2999878,757.5,744.5499878,755.7000122,745.0593262,9797700,ICICIBANK.NS,2022,7,Friday,12.9500122,0.585654795,Low
11-07-2022,755,771.5499878,755,769.5,758.664978,12440573,ICICIBANK.NS,2022,7,Monday,16.5499878,1.920529801,Medium
12-07-2022,765.3499756,767.4500122,757.7000122,759.9000244,749.2001953,10219829,ICICIBANK.NS,2022,7,Tuesday,9.75,-0.712086153,Low
13-07-2022,764.75,764.75,749.9000244,753.2000122,742.5944824,8674121,ICICIBANK.NS,2022,7,Wednesday,14.8499756,-1.510295888,Low
14-07-2022,750,759.5,748.7999878,752.4000244,741.8057861,7044542,ICICIBANK.NS,2022,7,Thursday,10.7000122,0.320003253,Low
15-07-2022,753.25,759,744.2000122,751.2000122,740.6226807,6358018,ICICIBANK.NS,2022,7,Friday,14.7999878,-0.27215238,Low
18-07-2022,759.25,773.1500244,757.8499756,772,761.1298218,8045363,ICICIBANK.NS,2022,7,Monday,15.3000488,1.679288772,Low
19-07-2022,767.7999878,782,767.1500244,780.6500244,769.65802,12825591,ICICIBANK.NS,2022,7,Tuesday,14.8499756,1.673617713,Medium
20-07-2022,789.5,789.5499878,780.2999878,783.0999756,772.0734863,8152179,ICICIBANK.NS,2022,7,Wednesday,9.25,-0.810642736,Low
21-07-2022,784.9000244,788.9500122,780.0999756,786,774.9326782,8312338,ICICIBANK.NS,2022,7,Thursday,8.8500366,0.140142128,Low
22-07-2022,789.0999756,803.9000244,789.0999756,800.0499878,788.7848511,12267898,ICICIBANK.NS,2022,7,Friday,14.8000488,1.387658413,Medium
25-07-2022,803,817.7999878,797.0999756,800.9000244,789.6228638,21034148,ICICIBANK.NS,2022,7,Monday,20.7000122,-0.261516264,High
26-07-2022,801.5999756,802.7999878,791.6500244,796.2999878,785.0875854,7374145,ICICIBANK.NS,2022,7,Tuesday,11.1499634,-0.661176143,Low
27-07-2022,795,803.7999878,794.6500244,800.5,789.2285156,9536564,ICICIBANK.NS,2022,7,Wednesday,9.1499634,0.691823899,Low
28-07-2022,806.9500122,815.5,805.2999878,814.5999756,803.1299438,11124518,ICICIBANK.NS,2022,7,Thursday,10.2000122,0.948009577,Low
29-07-2022,820.6500244,823.4000244,808,818.5999756,807.0736084,11095993,ICICIBANK.NS,2022,7,Friday,15.4000244,-0.249807925,Low
01-08-2022,820.7000122,825,817.2999878,823.4000244,811.8060303,7974903,ICICIBANK.NS,2022,8,Monday,7.7000122,0.328988931,Low
02-08-2022,820,822,812.2000122,817.75,806.2355957,11106772,ICICIBANK.NS,2022,8,Tuesday,9.7999878,-0.274390244,Low
03-08-2022,817.75,828,811.5499878,824.7999878,813.1863403,11073975,ICICIBANK.NS,2022,8,Wednesday,16.4500122,0.862120183,Low
04-08-2022,824,829.9500122,808.3499756,820.25,808.7004395,11113742,ICICIBANK.NS,2022,8,Thursday,21.6000366,-0.455097087,Low
05-08-2022,823.0999756,840.9000244,823.0999756,838.2000122,826.3977051,16056522,ICICIBANK.NS,2022,8,Friday,17.8000488,1.834532505,High
08-08-2022,836.5999756,842.2999878,831.1500244,836.9500122,830.1170654,12142951,ICICIBANK.NS,2022,8,Monday,11.1499634,0.041840379,Medium
10-08-2022,842.1500244,853,842.1500244,848.75,841.8207397,23658553,ICICIBANK.NS,2022,8,Wednesday,10.8499756,0.783705445,High
11-08-2022,860.0499878,866.5,858.0999756,859.7000122,852.6813354,22787391,ICICIBANK.NS,2022,8,Thursday,8.4000244,-0.040692472,High
12-08-2022,863.9500122,877.25,858.5,874.4000244,867.2613525,10792853,ICICIBANK.NS,2022,8,Friday,18.75,1.209562134,Low
16-08-2022,881.4500122,884.5,876.4000244,879.25,872.0717163,13804836,ICICIBANK.NS,2022,8,Tuesday,8.0999756,-0.249590126,Medium
17-08-2022,881.7999878,885.5,878.4000244,883.25,876.0390625,9058040,ICICIBANK.NS,2022,8,Wednesday,7.0999756,0.164437766,Low
18-08-2022,880.5499878,887.6500244,875.0499878,885.0999756,877.8739014,13137856,ICICIBANK.NS,2022,8,Thursday,12.6000366,0.516721125,Medium
19-08-2022,885,886.9000244,864.2999878,870.4000244,863.2940063,10787199,ICICIBANK.NS,2022,8,Friday,22.6000366,-1.649714757,Low
22-08-2022,865.5499878,867.4000244,849.5999756,852.25,845.2921143,13848023,ICICIBANK.NS,2022,8,Monday,17.8000488,-1.536593841,Medium
23-08-2022,845.3499756,868,842.7999878,863.9000244,856.8470459,13254855,ICICIBANK.NS,2022,8,Tuesday,25.2000122,2.194363203,Medium
24-08-2022,857.0499878,875.3499756,857.0499878,873.2999878,866.1702881,10494109,ICICIBANK.NS,2022,8,Wednesday,18.2999878,1.896038765,Low
25-08-2022,873.2999878,881.4500122,866.7000122,872.3499756,865.2280273,9827829,ICICIBANK.NS,2022,8,Thursday,14.75,-0.108784176,Low
26-08-2022,874.1500244,877.5,867.2999878,870.8499756,863.7402344,5976725,ICICIBANK.NS,2022,8,Friday,10.2000122,-0.377515153,Low
29-08-2022,850.0499878,861,847,855.8499756,848.8627319,7755134,ICICIBANK.NS,2022,8,Monday,14,0.68231138,Low
30-08-2022,860.5,890.75,859.0999756,887.2999878,880.0559692,12544701,ICICIBANK.NS,2022,8,Tuesday,31.6500244,3.114466915,Medium
01-09-2022,863,885.7000122,863,874.3499756,867.2116699,15877583,ICICIBANK.NS,2022,9,Thursday,22.7000122,1.315176779,Medium
02-09-2022,874.0999756,881.2999878,867,872.4000244,865.2776489,8401284,ICICIBANK.NS,2022,9,Friday,14.2999878,-0.194480179,Low
05-09-2022,871.5499878,885.9000244,871.5499878,882.4500122,875.2456055,8744999,ICICIBANK.NS,2022,9,Monday,14.3500366,1.250648219,Low
06-09-2022,882.5,889.9500122,878.0999756,883.6500244,876.435791,9879326,ICICIBANK.NS,2022,9,Tuesday,11.8500366,0.13031438,Low
07-09-2022,878.5499878,882.6500244,872.5,876.2000122,869.0466309,8814960,ICICIBANK.NS,2022,9,Wednesday,10.1500244,-0.267483425,Low
08-09-2022,885.5,900.7999878,885.5,898.7999878,891.4620972,12163106,ICICIBANK.NS,2022,9,Thursday,15.2999878,1.501974907,Medium
09-09-2022,910.1500244,911.9500122,897.7000122,901.25,893.8920898,9936230,ICICIBANK.NS,2022,9,Friday,14.25,-0.977863447,Low
12-09-2022,905.0499878,908.9000244,902.7999878,907.2000122,899.7935181,6016978,ICICIBANK.NS,2022,9,Monday,6.1000366,0.237558635,Low
13-09-2022,913.9500122,913.9500122,905.2999878,910,902.5706787,10400475,ICICIBANK.NS,2022,9,Tuesday,8.6500244,-0.432191274,Low
14-09-2022,898.25,922.25,898.0499878,918.0999756,910.6044922,14712947,ICICIBANK.NS,2022,9,Wednesday,24.2000122,2.209849775,Medium
15-09-2022,920,936.6500244,915.75,917.5999756,910.1085815,16253099,ICICIBANK.NS,2022,9,Thursday,20.9000244,-0.260872217,High
16-09-2022,914.9000244,917.5999756,905.2000122,909.0999756,901.6779785,11966860,ICICIBANK.NS,2022,9,Friday,12.3999634,-0.633954382,Medium
19-09-2022,904.9500122,912.5,895.3499756,899.2000122,891.8588257,11235656,ICICIBANK.NS,2022,9,Monday,17.1500244,-0.635394212,Medium
20-09-2022,909.2000122,922.5,907.3499756,916.75,909.265564,12090663,ICICIBANK.NS,2022,9,Tuesday,15.1500244,0.830398999,Medium
21-09-2022,912,917,905.6500244,915.25,907.777771,8917640,ICICIBANK.NS,2022,9,Wednesday,11.3499756,0.356359649,Low
22-09-2022,906,911.7000122,895.2999878,903.4000244,896.0245972,11125669,ICICIBANK.NS,2022,9,Thursday,16.4000244,-0.286973024,Medium
23-09-2022,901.7000122,904.9000244,878.75,882.25,875.0472412,15927517,ICICIBANK.NS,2022,9,Friday,26.1500244,-2.157038032,High
26-09-2022,870,877.9000244,859.2000122,861.0499878,854.0202637,14208640,ICICIBANK.NS,2022,9,Monday,18.7000122,-1.028737034,Medium
27-09-2022,864.9500122,874.8499756,848.5999756,852.5499878,845.5896606,12493809,ICICIBANK.NS,2022,9,Tuesday,26.25,-1.43361168,Medium
28-09-2022,844,863.25,844,849.5,842.5645752,11411458,ICICIBANK.NS,2022,9,Wednesday,19.25,0.651658768,Medium
29-09-2022,858,861.5999756,841.0999756,843.9000244,837.0103149,13803629,ICICIBANK.NS,2022,9,Thursday,20.5,-1.6433538,Medium
30-09-2022,843.9000244,867.0499878,837.5,862,854.9625244,13175031,ICICIBANK.NS,2022,9,Friday,29.5499878,2.144800933,Medium
03-10-2022,859.7000122,860.9500122,845.7000122,848.3499756,841.4239502,8232026,ICICIBANK.NS,2022,10,Monday,15.25,-1.320232225,Low
04-10-2022,865,872.6500244,860.0999756,867.6500244,860.5664063,8975095,ICICIBANK.NS,2022,10,Tuesday,12.5500488,0.306361202,Low
06-10-2022,873.0499878,891.7000122,873.0499878,885.4500122,878.2211304,12116698,ICICIBANK.NS,2022,10,Thursday,18.6500244,1.42031093,Medium
07-10-2022,877.2000122,884.5,872.7999878,882.5499878,875.3447266,9705750,ICICIBANK.NS,2022,10,Friday,11.7000122,0.609892331,Low
10-10-2022,872,889.7999878,870.7000122,881.75,874.5512695,7357588,ICICIBANK.NS,2022,10,Monday,19.0999756,1.118119266,Low
11-10-2022,883.25,883.25,865.4500122,870.5999756,863.4923096,11130051,ICICIBANK.NS,2022,10,Tuesday,17.7999878,-1.432213348,Medium
12-10-2022,867.9500122,871.7000122,861.5,868.3499756,861.2606812,14557532,ICICIBANK.NS,2022,10,Wednesday,10.2000122,0.046081387,Medium
13-10-2022,862.3499756,865.4500122,850.5,853.5999756,846.6311035,11563124,ICICIBANK.NS,2022,10,Thursday,14.9500122,-1.014669247,Medium
14-10-2022,883.7999878,883.7999878,868.5499878,870.25,863.1452026,8199540,ICICIBANK.NS,2022,10,Friday,15.25,-1.533150938,Low
17-10-2022,872,887.5,868.5499878,885.2000122,877.9731445,8936947,ICICIBANK.NS,2022,10,Monday,18.9500122,1.513762867,Low
18-10-2022,896.0499878,900.7000122,891.1500244,896.9000244,889.5776367,8097552,ICICIBANK.NS,2022,10,Tuesday,9.5499878,0.094864864,Low
19-10-2022,900.0499878,900.6500244,885.5499878,892.0999756,884.8167725,5529462,ICICIBANK.NS,2022,10,Wednesday,15.1000366,-0.883285629,Low
20-10-2022,889.7000122,893.2999878,880.0999756,888.6500244,881.3950195,8107159,ICICIBANK.NS,2022,10,Thursday,13.2000122,-0.118015936,Low
21-10-2022,888,910,885.7000122,907.1500244,899.7439575,17022807,ICICIBANK.NS,2022,10,Friday,24.2999878,2.156534279,High
24-10-2022,925,933.5,917.5999756,926.2999878,918.7375488,4390050,ICICIBANK.NS,2022,10,Monday,15.9000244,0.140539222,Low
25-10-2022,942.0499878,943.25,922.9500122,925.0499878,917.4978027,15838120,ICICIBANK.NS,2022,10,Tuesday,20.2999878,-1.804575152,Medium
27-10-2022,926.0499878,933.7000122,920.25,924.4000244,916.8531494,16080842,ICICIBANK.NS,2022,10,Thursday,13.4500122,-0.178172174,High
28-10-2022,918,927.5,901,907.8499756,900.4381714,9854094,ICICIBANK.NS,2022,10,Friday,26.5,-1.105667146,Low
31-10-2022,912.5999756,917.0499878,904.5999756,908.7000122,901.281311,9000840,ICICIBANK.NS,2022,10,Monday,12.4500122,-0.427346428,Low
01-11-2022,921,921,899.5499878,908.5999756,901.1820679,9823761,ICICIBANK.NS,2022,11,Tuesday,21.4500122,-1.346365299,Low
02-11-2022,920.5999756,920.75,902.3499756,904.7000122,897.3139648,7690974,ICICIBANK.NS,2022,11,Wednesday,18.4000244,-1.727130548,Low
03-11-2022,901.0499878,913.8499756,897.0499878,908.6500244,901.2316895,9022366,ICICIBANK.NS,2022,11,Thursday,16.7999878,0.843464481,Low
04-11-2022,906.2999878,913.4000244,900.2000122,905.2999878,897.9089966,7099336,ICICIBANK.NS,2022,11,Friday,13.2000122,-0.110338741,Low
07-11-2022,910.25,920.0999756,903.4500122,917.5,910.0094604,11100219,ICICIBANK.NS,2022,11,Monday,16.6499634,0.796484482,Low
09-11-2022,920,921.9000244,905.75,910.5,903.0665894,11590409,ICICIBANK.NS,2022,11,Wednesday,16.1500244,-1.032608696,Medium
10-11-2022,907.5499878,912.9500122,903.9500122,910.7000122,903.2649536,10009741,ICICIBANK.NS,2022,11,Thursday,9,0.347091008,Low
11-11-2022,925.9000244,928,903.5,906.5499878,899.1488037,17921457,ICICIBANK.NS,2022,11,Friday,24.5,-2.089862414,High
14-11-2022,905,906.5499878,891.25,894.9500122,887.6435547,12641308,ICICIBANK.NS,2022,11,Monday,15.2999878,-1.11049589,Medium
15-11-2022,900.5499878,913.6500244,898.7999878,911.7000122,904.2567749,15176911,ICICIBANK.NS,2022,11,Tuesday,14.8500366,1.238134979,Medium
16-11-2022,912.5499878,918.0999756,908.0999756,913.5999756,906.1412354,13008311,ICICIBANK.NS,2022,11,Wednesday,10,0.115060853,Medium
17-11-2022,913,922.2999878,910.3499756,919.7999878,912.2906494,12584194,ICICIBANK.NS,2022,11,Thursday,11.9500122,0.744796035,Medium
18-11-2022,919.7999878,922,910.5499878,920.3499756,912.8361206,10874061,ICICIBANK.NS,2022,11,Friday,11.4500122,0.059794282,Low
21-11-2022,914.0499878,924.7999878,914.0499878,921.4000244,913.8776245,9245704,ICICIBANK.NS,2022,11,Monday,10.75,0.804117575,Low
22-11-2022,923.75,926.5,920.4000244,923.7000122,916.1588135,11256509,ICICIBANK.NS,2022,11,Tuesday,6.0999756,-0.005411399,Medium
23-11-2022,927,931.8499756,923.7000122,927.4500122,919.8782349,10959704,ICICIBANK.NS,2022,11,Wednesday,8.1499634,0.048545005,Low
24-11-2022,927.5499878,940.6500244,927.5499878,938.8499756,931.1851196,10844395,ICICIBANK.NS,2022,11,Thursday,13.1000366,1.218261867,Low
25-11-2022,940.2999878,942.9000244,927.5,930.2999878,922.704895,9815055,ICICIBANK.NS,2022,11,Friday,15.4000244,-1.063490389,Low
28-11-2022,924,943.7999878,923.9500122,937.4000244,929.7470093,9381474,ICICIBANK.NS,2022,11,Monday,19.8499756,1.450219091,Low
29-11-2022,933.5499878,949.9000244,933.5499878,946.75,939.0206299,13096845,ICICIBANK.NS,2022,11,Tuesday,16.3500366,1.413958799,Medium
30-11-2022,948.0499878,958.2000122,941,952.9000244,945.1204224,20858573,ICICIBANK.NS,2022,11,Wednesday,17.2000122,0.511580261,High
01-12-2022,956,957,936.25,940.2000122,932.5241089,15920653,ICICIBANK.NS,2022,12,Thursday,20.75,-1.652718389,High
02-12-2022,928.25,934.5,926.0999756,930.5999756,923.0024414,14228874,ICICIBANK.NS,2022,12,Friday,8.4000244,0.253161928,Medium
05-12-2022,937,937,928.4000244,933.5999756,925.9779663,10984608,ICICIBANK.NS,2022,12,Monday,8.5999756,-0.362862796,Low
06-12-2022,925,929.75,920.2000122,922.6500244,915.1174316,18220912,ICICIBANK.NS,2022,12,Tuesday,9.5499878,-0.254051416,High
07-12-2022,922,933.2000122,920.6500244,922.1500244,914.621521,15675663,ICICIBANK.NS,2022,12,Wednesday,12.5499878,0.016271627,Medium
08-12-2022,925,933.5499878,923.7999878,931.9000244,924.2918701,10136870,ICICIBANK.NS,2022,12,Thursday,9.75,0.745948584,Low
09-12-2022,932,934.7999878,925.0499878,929.9000244,922.3082275,9575331,ICICIBANK.NS,2022,12,Friday,9.75,-0.22531927,Low
12-12-2022,925.0499878,933.9000244,925.0499878,930.2999878,922.704895,8493863,ICICIBANK.NS,2022,12,Monday,8.8500366,0.567536897,Low
13-12-2022,929.5,935.9000244,927.7999878,932.9500122,925.333313,10415140,ICICIBANK.NS,2022,12,Tuesday,8.1000366,0.371168607,Low
14-12-2022,936,936.0499878,920,921.75,914.2247314,12319827,ICICIBANK.NS,2022,12,Wednesday,16.0499878,-1.522435897,Medium
15-12-2022,916,919.9000244,905,908.7999878,901.3804321,8929748,ICICIBANK.NS,2022,12,Thursday,14.9000244,-0.786027533,Low
16-12-2022,905.5,913.7000122,899.6500244,902,894.6359863,9157260,ICICIBANK.NS,2022,12,Friday,14.0499878,-0.386526781,Low
19-12-2022,908,910.5999756,901.1500244,906.4500122,899.0496826,7015083,ICICIBANK.NS,2022,12,Monday,9.4499512,-0.170703502,Low
20-12-2022,906,912.4500122,895.7000122,909.7000122,902.2731323,6384331,ICICIBANK.NS,2022,12,Tuesday,16.75,0.408389868,Low
21-12-2022,910.25,915.8499756,887,892.25,884.9655762,11341147,ICICIBANK.NS,2022,12,Wednesday,28.8499756,-1.977478715,Medium
22-12-2022,900.5,903.8499756,886.3499756,890.6500244,883.3786621,9788367,ICICIBANK.NS,2022,12,Thursday,17.5,-1.093834048,Low
23-12-2022,883.0499878,889.6500244,875.2999878,878.9000244,871.7246094,11059215,ICICIBANK.NS,2022,12,Friday,14.3500366,-0.469957925,Low
26-12-2022,881.0999756,897,875.25,893.2000122,885.9078369,6943159,ICICIBANK.NS,2022,12,Monday,21.75,1.373287588,Low
27-12-2022,897.7000122,902.75,888.2000122,900.6500244,893.2969971,4994381,ICICIBANK.NS,2022,12,Tuesday,14.5499878,0.328618933,Low
28-12-2022,896,903.9500122,895.7999878,898.9500122,891.6109009,8980300,ICICIBANK.NS,2022,12,Wednesday,8.1500244,0.329242433,Low
29-12-2022,897.9000244,923.3499756,889.3499756,908.0499878,900.6365967,11994220,ICICIBANK.NS,2022,12,Thursday,34,1.130411307,Medium
30-12-2022,908.5,908.5,888.5499878,890.8499756,883.5769653,9688527,ICICIBANK.NS,2022,12,Friday,19.9500122,-1.942765482,Low
02-01-2023,894,907,894,902.4500122,895.0823364,4315403,ICICIBANK.NS,2023,1,Monday,13,0.945191521,Low
03-01-2023,898.5,905.9500122,896.75,901.3499756,893.991272,5846855,ICICIBANK.NS,2023,1,Tuesday,9.2000122,0.31719261,Low
04-01-2023,899,907.9000244,894.7999878,899.0999756,891.7596436,12454582,ICICIBANK.NS,2023,1,Wednesday,13.1000366,0.011120756,Medium
05-01-2023,900.9000244,903,872,879.1500244,871.9725342,16547196,ICICIBANK.NS,2023,1,Thursday,31,-2.414252349,High
06-01-2023,878.9500122,878.9500122,860.5,870.0999756,862.9963989,14804613,ICICIBANK.NS,2023,1,Friday,18.4500122,-1.006887363,Medium
09-01-2023,874.25,878.75,862.2999878,873.3499756,866.2198486,16811853,ICICIBANK.NS,2023,1,Monday,16.4500122,-0.102948173,High
10-01-2023,875.4000244,878.4000244,856.5999756,861.3499756,854.3178101,13470142,ICICIBANK.NS,2023,1,Tuesday,21.8000488,-1.60498611,Medium
11-01-2023,862.9000244,870.8499756,854.8499756,866.2999878,859.227417,15558460,ICICIBANK.NS,2023,1,Wednesday,16,0.394015912,Medium
12-01-2023,865.5,869.3499756,854.9500122,860.6500244,853.6235962,16659001,ICICIBANK.NS,2023,1,Thursday,14.3999634,-0.560366909,High
13-01-2023,864.7000122,874.9000244,858.2999878,873.4500122,866.3190918,11223103,ICICIBANK.NS,2023,1,Friday,16.6000366,1.011911631,Medium
16-01-2023,877.25,877.4500122,861.0499878,865.25,858.1860352,8319812,ICICIBANK.NS,2023,1,Monday,16.4000244,-1.367911086,Low
17-01-2023,866.9500122,867.9500122,858.0999756,865.1500244,858.086853,12624859,ICICIBANK.NS,2023,1,Tuesday,9.8500366,-0.20762302,Medium
18-01-2023,864.4500122,872,858.6500244,869.5,862.4013062,11313898,ICICIBANK.NS,2023,1,Wednesday,13.3499756,0.584185057,Medium
19-01-2023,868,870.5499878,862,866.1500244,859.0786743,6694679,ICICIBANK.NS,2023,1,Thursday,8.5499878,-0.213130829,Low
20-01-2023,873.5,876.5,865.5499878,870.3499756,863.2443237,8127162,ICICIBANK.NS,2023,1,Friday,10.9500122,-0.360620996,Low
23-01-2023,882,883.2999878,864.5999756,871.7000122,864.583374,16882379,ICICIBANK.NS,2023,1,Monday,18.7000122,-1.16779907,High
24-01-2023,879,881.7000122,868,870.75,863.6411133,11504090,ICICIBANK.NS,2023,1,Tuesday,13.7000122,-0.938566553,Medium
25-01-2023,873.2999878,876.7999878,848,855.2999878,848.3171997,14918485,ICICIBANK.NS,2023,1,Wednesday,28.7999878,-2.061147401,Medium
27-01-2023,839.1500244,843,813.0999756,817.2000122,810.5283203,39718683,ICICIBANK.NS,2023,1,Friday,29.9000244,-2.615743498,High
30-01-2023,800,826.25,796,823.5,816.7768555,36301441,ICICIBANK.NS,2023,1,Monday,30.25,2.9375,High
31-01-2023,826,838.2999878,814.0999756,831.9000244,825.1082764,27291226,ICICIBANK.NS,2023,1,Tuesday,24.2000122,0.714288668,High
01-02-2023,843.4500122,875.2000122,823.1500244,847.9500122,841.0272827,39237711,ICICIBANK.NS,2023,2,Wednesday,52.0499878,0.533523023,High
02-02-2023,828.4000244,860.5999756,826.0999756,857.9000244,850.8960571,16798190,ICICIBANK.NS,2023,2,Thursday,34.5,3.561081498,High
03-02-2023,864.6500244,872.6500244,852.0999756,863.7999878,856.7478027,14914366,ICICIBANK.NS,2023,2,Friday,20.5500488,-0.098309903,Medium
06-02-2023,861.5,867.7999878,849.6500244,853.7000122,846.7302856,8463833,ICICIBANK.NS,2023,2,Monday,18.1499634,-0.905396146,Low
07-02-2023,855,856,847.2000122,852.75,845.7880859,9337066,ICICIBANK.NS,2023,2,Tuesday,8.7999878,-0.263157895,Low
08-02-2023,852.5,860.7000122,851.9000244,859.0999756,852.0861816,8082983,ICICIBANK.NS,2023,2,Wednesday,8.7999878,0.774190686,Low
09-02-2023,858.5,864.9000244,851.5999756,860.7999878,853.7723389,6299265,ICICIBANK.NS,2023,2,Thursday,13.3000488,0.267907723,Low
10-02-2023,855.5499878,861.9000244,852,853.8499756,846.8790283,8656405,ICICIBANK.NS,2023,2,Friday,9.9000244,-0.198704018,Low
13-02-2023,853.4000244,859.2999878,849.3499756,850.6500244,843.7052002,9394365,ICICIBANK.NS,2023,2,Monday,9.9500122,-0.322240441,Low
14-02-2023,853.9000244,867.2999878,852.0999756,865.2999878,858.2355957,13402934,ICICIBANK.NS,2023,2,Tuesday,15.2000122,1.335046618,Medium
15-02-2023,866.4000244,873.25,860.5999756,870.7999878,863.6906738,12070288,ICICIBANK.NS,2023,2,Wednesday,12.6500244,0.50784433,Medium
16-02-2023,875.9500122,877.7999878,864.8499756,869.4500122,862.3517456,10715685,ICICIBANK.NS,2023,2,Thursday,12.9500122,-0.742051477,Low
17-02-2023,867.5499878,867.5499878,855.1500244,862.6500244,855.6072388,9990618,ICICIBANK.NS,2023,2,Friday,12.3999634,-0.564804734,Low
20-02-2023,862.6500244,866.5499878,850.25,852.0999756,845.1433105,9013430,ICICIBANK.NS,2023,2,Monday,16.2999878,-1.222981337,Low
21-02-2023,854.4000244,859.4500122,846.8499756,854.2000122,847.2262573,11704445,ICICIBANK.NS,2023,2,Tuesday,12.6000366,-0.023409667,Medium
22-02-2023,851.25,854.0999756,834.75,839.25,832.3982544,13880984,ICICIBANK.NS,2023,2,Wednesday,19.3499756,-1.40969163,Medium
23-02-2023,836.5499878,844.4500122,833.5499878,839.75,832.894165,11743574,ICICIBANK.NS,2023,2,Thursday,10.9000244,0.382524923,Medium
24-02-2023,843.9500122,845.5999756,835.5499878,839.7000122,832.8446045,8246139,ICICIBANK.NS,2023,2,Friday,10.0499878,-0.503584328,Low
27-02-2023,833.5499878,858.2999878,833.5499878,856.4000244,849.4082642,14422574,ICICIBANK.NS,2023,2,Monday,24.75,2.741291696,Medium
28-02-2023,854.9000244,858,850,854.8499756,847.8709106,19600146,ICICIBANK.NS,2023,2,Tuesday,8,-0.005854345,High
01-03-2023,864,864,851.8499756,856.2999878,849.309082,11015843,ICICIBANK.NS,2023,3,Wednesday,12.1500244,-0.891205116,Low
02-03-2023,853,861.8499756,851.0999756,854,847.027832,12327141,ICICIBANK.NS,2023,3,Thursday,10.75,0.117233294,Medium
03-03-2023,856.75,873,849.8499756,868.5499878,861.4590454,12823098,ICICIBANK.NS,2023,3,Friday,23.1500244,1.377296504,Medium
06-03-2023,871.75,876.8499756,865.3499756,867.75,860.6655884,13904231,ICICIBANK.NS,2023,3,Monday,11.5,-0.458847147,Medium
08-03-2023,866.6500244,873.6500244,861.5,872.0999756,864.9800415,16144568,ICICIBANK.NS,2023,3,Wednesday,12.1500244,0.628852599,High
09-03-2023,867.2000122,869.7999878,854.1500244,855.9500122,848.9619141,10624440,ICICIBANK.NS,2023,3,Thursday,15.6499634,-1.29727858,Low
10-03-2023,844.7000122,845.3499756,836.25,842.6500244,835.7705688,17273189,ICICIBANK.NS,2023,3,Friday,9.0999756,-0.242688265,High
13-03-2023,841.4500122,855.2999878,823.9500122,828.4000244,821.6369019,16413159,ICICIBANK.NS,2023,3,Monday,31.3499756,-1.550892817,High
14-03-2023,827,834.4500122,818.25,830.3499756,823.5709229,15456802,ICICIBANK.NS,2023,3,Tuesday,16.2000122,0.405075647,Medium
15-03-2023,836.4500122,843.9500122,822.2000122,825.9000244,819.1572876,12914488,ICICIBANK.NS,2023,3,Wednesday,21.75,-1.261281325,Medium
16-03-2023,829.7000122,831.2999878,810.2999878,823.9000244,817.173645,14987868,ICICIBANK.NS,2023,3,Thursday,21,-0.699046368,Medium
17-03-2023,831.7999878,838.4000244,818.6500244,836.25,829.4227905,11104490,ICICIBANK.NS,2023,3,Friday,19.75,0.534985846,Low
20-03-2023,837,837.7999878,825,836.4500122,829.6211548,14838651,ICICIBANK.NS,2023,3,Monday,12.7999878,-0.065709415,Medium
21-03-2023,843,854.5,839.0499878,852.4000244,845.440918,18755854,ICICIBANK.NS,2023,3,Tuesday,15.4500122,1.115068138,High
22-03-2023,857.6500244,862.5499878,851,860.2000122,853.1772461,17431520,ICICIBANK.NS,2023,3,Wednesday,11.5499878,0.297322652,High
23-03-2023,857,867.4500122,852.7999878,855.4500122,848.4660034,17920621,ICICIBANK.NS,2023,3,Thursday,14.6500244,-0.180862054,High
24-03-2023,852.5,860,849.1500244,852.4000244,845.440918,17295696,ICICIBANK.NS,2023,3,Friday,10.8499756,-0.011727343,High
27-03-2023,854.9500122,856.4000244,844.0499878,848.7000122,841.7711182,17047675,ICICIBANK.NS,2023,3,Monday,12.3500366,-0.731036892,High
28-03-2023,855.5499878,858.9000244,848.2000122,854.75,847.7717285,24469018,ICICIBANK.NS,2023,3,Tuesday,10.7000122,-0.093505676,High
29-03-2023,857.0499878,862.0999756,848,851,844.0523682,34881515,ICICIBANK.NS,2023,3,Wednesday,14.0999756,-0.705908393,High
31-03-2023,861.9500122,881,858.5,877.25,870.0880127,25739021,ICICIBANK.NS,2023,3,Friday,22.5,1.775043516,High
03-04-2023,880.2000122,887.0999756,868.8499756,883.7999878,876.5845337,26416933,ICICIBANK.NS,2023,4,Monday,18.25,0.408995177,High
05-04-2023,886.5999756,887.75,874,884.5999756,877.3779907,21068934,ICICIBANK.NS,2023,4,Wednesday,13.75,-0.225580877,High
06-04-2023,882,890.0999756,872.7000122,875,867.8563843,26042745,ICICIBANK.NS,2023,4,Thursday,17.3999634,-0.793650794,High
10-04-2023,880.0499878,882.7999878,864.4000244,868.4500122,861.3598633,30906205,ICICIBANK.NS,2023,4,Monday,18.3999634,-1.318104171,High
11-04-2023,873.7000122,885.5999756,865,881.9000244,874.7000732,39504022,ICICIBANK.NS,2023,4,Tuesday,20.5999756,0.938538639,High
12-04-2023,883.4500122,892,880.2999878,890.1500244,882.8827515,22686032,ICICIBANK.NS,2023,4,Wednesday,11.7000122,0.758391772,High
13-04-2023,891.0999756,901.6500244,886.5,899,891.6604614,34439635,ICICIBANK.NS,2023,4,Thursday,15.1500244,0.886547482,High
17-04-2023,917.2999878,917.2999878,893.1500244,901.2999878,893.9416504,29957514,ICICIBANK.NS,2023,4,Monday,24.1499634,-1.744249451,High
18-04-2023,907.9500122,907.9500122,894.0999756,896.8499756,889.5280151,26699379,ICICIBANK.NS,2023,4,Tuesday,13.8500366,-1.222538295,High
19-04-2023,895.9000244,896.9000244,887.25,891.9000244,884.6184692,24377956,ICICIBANK.NS,2023,4,Wednesday,9.6500244,-0.446478389,High
20-04-2023,892.25,899.2999878,889.2000122,894.4000244,887.0980225,16999919,ICICIBANK.NS,2023,4,Thursday,10.0999756,0.24096659,High
21-04-2023,894.5499878,900.7000122,882.4000244,885.6500244,878.4194946,29578071,ICICIBANK.NS,2023,4,Friday,18.2999878,-0.994909566,High
24-04-2023,905,906.5,895,904.75,897.3635254,30881665,ICICIBANK.NS,2023,4,Monday,11.5,-0.027624309,High
25-04-2023,906.2999878,916,903.0999756,913.4500122,905.9924927,41383839,ICICIBANK.NS,2023,4,Tuesday,12.9000244,0.788924693,High
26-04-2023,911.4500122,916.9500122,905.75,914.9500122,907.4802856,30371555,ICICIBANK.NS,2023,4,Wednesday,11.2000122,0.384003506,High
27-04-2023,909.5,919.9000244,908.5499878,918.3499756,910.852478,25835108,ICICIBANK.NS,2023,4,Thursday,11.3500366,0.973059439,High
28-04-2023,915.0999756,920.4500122,910.25,917.6500244,910.1582031,20381002,ICICIBANK.NS,2023,4,Friday,10.2000122,0.27866341,High
02-05-2023,924,925.7999878,918.7000122,922.0999756,914.5718384,17515017,ICICIBANK.NS,2023,5,Tuesday,7.0999756,-0.205630346,High
03-05-2023,919.5499878,923.8499756,911.5499878,922.8499756,915.3157349,18715142,ICICIBANK.NS,2023,5,Wednesday,12.2999878,0.358869865,High
04-05-2023,920,923.9000244,911.7999878,921.7000122,914.1751709,20485002,ICICIBANK.NS,2023,5,Thursday,12.1000366,0.184783935,High
05-05-2023,925,942.4500122,923.4500122,926.9500122,919.3822632,19002035,ICICIBANK.NS,2023,5,Friday,19,0.21081213,High
08-05-2023,927,941.7000122,927,937.9000244,930.2429199,18623913,ICICIBANK.NS,2023,5,Monday,14.7000122,1.175838662,High
09-05-2023,941,945,931.7999878,934.4000244,926.7714844,21507610,ICICIBANK.NS,2023,5,Tuesday,13.2000122,-0.701378916,High
10-05-2023,934.5999756,941,928.25,936.0499878,928.407959,25910923,ICICIBANK.NS,2023,5,Wednesday,12.75,0.155147896,High
11-05-2023,940.0499878,947,933.8499756,939.2000122,931.5322876,20027372,ICICIBANK.NS,2023,5,Thursday,13.1500244,-0.090418128,High
12-05-2023,939.75,948,935.0999756,943.9000244,936.1939087,13873480,ICICIBANK.NS,2023,5,Friday,12.9000244,0.441609407,Medium
15-05-2023,943.75,949,938.2000122,945.75,938.0288086,10453762,ICICIBANK.NS,2023,5,Monday,10.7999878,0.21192053,Low
16-05-2023,950,952.2000122,943,946.3499756,938.6239014,19612293,ICICIBANK.NS,2023,5,Tuesday,9.2000122,-0.384213095,High
17-05-2023,947.2999878,948.4000244,935.7999878,939.3499756,931.6810303,19273344,ICICIBANK.NS,2023,5,Wednesday,12.6000366,-0.839228576,High
18-05-2023,947.9500122,952.25,942.0999756,946.5,938.772644,21550141,ICICIBANK.NS,2023,5,Thursday,10.1500244,-0.152962939,High
19-05-2023,951.4500122,956,941.5999756,954.2999878,946.5089722,15427412,ICICIBANK.NS,2023,5,Friday,14.4000244,0.299540235,Medium
22-05-2023,951.0499878,954.25,946.1500244,950.3499756,942.5911865,15509525,ICICIBANK.NS,2023,5,Monday,8.0999756,-0.073604144,Medium
23-05-2023,952,958.8499756,945,953.4000244,945.616394,16579935,ICICIBANK.NS,2023,5,Tuesday,13.8499756,0.147061387,High
24-05-2023,946.7000122,953.8499756,938.5,940.6500244,932.970459,18049620,ICICIBANK.NS,2023,5,Wednesday,15.3499756,-0.639060708,High
25-05-2023,937,941.5999756,932.9500122,939.8499756,932.1769409,19328582,ICICIBANK.NS,2023,5,Thursday,8.6499634,0.304159616,High
26-05-2023,939.7999878,952.4500122,935.5499878,950.7000122,942.9384155,10957182,ICICIBANK.NS,2023,5,Friday,16.9000244,1.15982385,Low
29-05-2023,953.8499756,957.5999756,946.7999878,948.1500244,940.4092407,12108079,ICICIBANK.NS,2023,5,Monday,10.7999878,-0.597573135,Medium
30-05-2023,945.3499756,952.2999878,944.6500244,949.9500122,942.194519,18483624,ICICIBANK.NS,2023,5,Tuesday,7.6499634,0.486596152,High
31-05-2023,949.5,952,940.5,949.1500244,941.401062,27254425,ICICIBANK.NS,2023,5,Wednesday,11.5,-0.036858936,High
01-06-2023,954.25,954.25,932.7999878,936.0999756,928.4575806,21650700,ICICIBANK.NS,2023,6,Thursday,21.4500122,-1.902019848,High
02-06-2023,943,944.6500244,935.0499878,938.1500244,930.4908447,12494376,ICICIBANK.NS,2023,6,Friday,9.6000366,-0.514313425,Medium
05-06-2023,943,951.7999878,943,946.75,939.0206299,10751684,ICICIBANK.NS,2023,6,Monday,8.7999878,0.39766702,Low
06-06-2023,946.5,947.7999878,938.0999756,942.0999756,934.4085693,11894330,ICICIBANK.NS,2023,6,Tuesday,9.7000122,-0.464873154,Medium
07-06-2023,944.3499756,945.8499756,933.7999878,940.2000122,932.5241089,16486469,ICICIBANK.NS,2023,6,Wednesday,12.0499878,-0.439451846,High
08-06-2023,936.5999756,950.5,935.2000122,937.9000244,930.2429199,17608140,ICICIBANK.NS,2023,6,Thursday,15.2999878,0.138805129,High
09-06-2023,941.4000244,944,936.2000122,938.0499878,930.3916626,12253128,ICICIBANK.NS,2023,6,Friday,7.7999878,-0.355856864,Medium
12-06-2023,938,943.5,933.2999878,935.9500122,928.3088379,10520125,ICICIBANK.NS,2023,6,Monday,10.2000122,-0.218548806,Low
13-06-2023,935.9000244,946.25,934.0999756,943.5499878,935.8467407,13528776,ICICIBANK.NS,2023,6,Tuesday,12.1500244,0.817391089,Medium
14-06-2023,946.0499878,946.9500122,936.25,939.7999878,932.1273804,13489262,ICICIBANK.NS,2023,6,Wednesday,10.7000122,-0.660641624,Medium
15-06-2023,940.7000122,942.9500122,924.3499756,926.5999756,919.0350952,19366819,ICICIBANK.NS,2023,6,Thursday,18.6000366,-1.498887681,High
16-06-2023,929.2999878,937.75,927,934.2000122,926.5731201,11249387,ICICIBANK.NS,2023,6,Friday,10.75,0.527281229,Medium
19-06-2023,933.5,933.9500122,918.7000122,923.1500244,915.6133423,19351375,ICICIBANK.NS,2023,6,Monday,15.25,-1.10872797,High
20-06-2023,920.9500122,928.5499878,914.7999878,925.5499878,917.9937134,15212286,ICICIBANK.NS,2023,6,Tuesday,13.75,0.499481572,Medium
21-06-2023,928,928.4000244,920,924.7000122,917.1506348,9210553,ICICIBANK.NS,2023,6,Wednesday,8.4000244,-0.355602134,Low
22-06-2023,924.4000244,935.5499878,920.7000122,925.75,918.1920776,27291569,ICICIBANK.NS,2023,6,Thursday,14.8499756,0.146038032,High
23-06-2023,926.0499878,931.9000244,919,923.5,915.9604492,8767733,ICICIBANK.NS,2023,6,Friday,12.9000244,-0.275361788,Low
26-06-2023,927.0999756,931.7999878,923.2000122,927.4500122,919.8782349,11749040,ICICIBANK.NS,2023,6,Monday,8.5999756,0.037756079,Medium
27-06-2023,930,939.9500122,922.2000122,936.0999756,928.4575806,13422726,ICICIBANK.NS,2023,6,Tuesday,17.75,0.655911355,Medium
28-06-2023,944,944,934.2999878,937.4500122,929.7965698,25708001,ICICIBANK.NS,2023,6,Wednesday,9.7000122,-0.69385464,High
30-06-2023,940.5,942.2000122,930.6500244,934.5999756,926.9697876,13843218,ICICIBANK.NS,2023,6,Friday,11.5499878,-0.627328485,Medium
03-07-2023,937,945.75,936.5,942.5499878,934.8549194,12350359,ICICIBANK.NS,2023,7,Monday,9.25,0.5923146,Medium
04-07-2023,947.25,951.2999878,942,944.7000122,936.9873657,14041699,ICICIBANK.NS,2023,7,Tuesday,9.2999878,-0.269199029,Medium
05-07-2023,942.0499878,964.75,941,958,950.178772,13817767,ICICIBANK.NS,2023,7,Wednesday,23.75,1.693117394,Medium
06-07-2023,954.7000122,963.9000244,954,959.4000244,951.5673828,16334427,ICICIBANK.NS,2023,7,Thursday,9.9000244,0.492302518,High
07-07-2023,953,955.0499878,943.7999878,946.4000244,938.6735229,8593807,ICICIBANK.NS,2023,7,Friday,11.25,-0.692547282,Low
10-07-2023,946,952.9000244,941.3499756,948.4000244,940.6571655,12069184,ICICIBANK.NS,2023,7,Monday,11.5500488,0.253702368,Medium
11-07-2023,948.4000244,952.7000122,941.9000244,944.9500122,937.2353516,16977595,ICICIBANK.NS,2023,7,Tuesday,10.7999878,-0.363771838,High
12-07-2023,948.4000244,951.1500244,941.25,944.4000244,936.6898193,21511161,ICICIBANK.NS,2023,7,Wednesday,9.9000244,-0.421762958,High
13-07-2023,947.7000122,959.25,942.2000122,955.7000122,947.897583,23222286,ICICIBANK.NS,2023,7,Thursday,17.0499878,0.844148981,High
14-07-2023,959.75,965,951.3499756,960.0499878,952.2120361,12871569,ICICIBANK.NS,2023,7,Friday,13.6500244,0.031256869,Medium
17-07-2023,962.9000244,973.7999878,952.8499756,968.7000122,960.7914429,16290763,ICICIBANK.NS,2023,7,Monday,20.9500122,0.602345794,High
18-07-2023,978,987.9500122,971.1500244,975.4500122,967.4863281,29709508,ICICIBANK.NS,2023,7,Tuesday,16.7999878,-0.260734949,High
19-07-2023,980,980,967.5499878,973.4500122,965.5026855,15994261,ICICIBANK.NS,2023,7,Wednesday,12.4500122,-0.668366102,High
20-07-2023,976.0499878,998.1500244,972.0999756,995.5999756,987.4718018,26487838,ICICIBANK.NS,2023,7,Thursday,26.0500488,2.002969934,High
21-07-2023,995.2999878,1001.450012,988.7999878,997,988.8604126,16903003,ICICIBANK.NS,2023,7,Friday,12.6500242,0.170804001,High
24-07-2023,1004.950012,1008.700012,990.0999756,992,983.9011841,21687719,ICICIBANK.NS,2023,7,Monday,18.6000364,-1.288622503,High
25-07-2023,999,999,988.25,994.7000122,986.5791626,29325327,ICICIBANK.NS,2023,7,Tuesday,10.75,-0.430429209,High
26-07-2023,993.0999756,997.75,990,996.4500122,988.3148804,12780537,ICICIBANK.NS,2023,7,Wednesday,7.75,0.337331254,Medium
27-07-2023,1002.549988,1006.5,987.2000122,990.25,982.1654663,25932395,ICICIBANK.NS,2023,7,Thursday,19.2999878,-1.226870295,High
28-07-2023,988,998.7000122,977.0499878,996.2000122,988.0669556,12584130,ICICIBANK.NS,2023,7,Friday,21.6500244,0.829960749,Medium
31-07-2023,996,999.4000244,988.5999756,998.2999878,990.1497803,14303116,ICICIBANK.NS,2023,7,Monday,10.8000488,0.23092247,Medium
01-08-2023,1001.650024,1003.700012,990.4500122,994.5499878,986.4303589,15508569,ICICIBANK.NS,2023,8,Tuesday,13.2499998,-0.708834027,Medium
02-08-2023,985.25,994.0999756,977.5,986.9500122,978.8924561,15787996,ICICIBANK.NS,2023,8,Wednesday,16.5999756,0.172546278,Medium
03-08-2023,976.5499878,983,960.0499878,965,957.1216431,30994707,ICICIBANK.NS,2023,8,Thursday,22.9500122,-1.182733904,High
04-08-2023,968.6500244,976,961.25,970.5,962.5767212,20582882,ICICIBANK.NS,2023,8,Friday,14.75,0.190984933,High
07-08-2023,970.9500122,981.5,968.2000122,975.6500244,967.6846924,16686062,ICICIBANK.NS,2023,8,Monday,13.2999878,0.484063252,High
08-08-2023,975.75,986.5999756,972.2999878,979.9000244,971.9000244,23784778,ICICIBANK.NS,2023,8,Tuesday,14.2999878,0.425316362,High
09-08-2023,974.9500122,975.2999878,963.5999756,972.7000122,972.7000122,19317331,ICICIBANK.NS,2023,8,Wednesday,11.7000122,-0.230781063,High
10-08-2023,971.5499878,973.6500244,959.4500122,964.0999756,964.0999756,24858441,ICICIBANK.NS,2023,8,Thursday,14.2000122,-0.766817178,High
11-08-2023,963.4000244,963.5,950,952.8499756,952.8499756,17162177,ICICIBANK.NS,2023,8,Friday,13.5,-1.095084963,High
14-08-2023,949,962.9000244,946,959.5499878,959.5499878,19026691,ICICIBANK.NS,2023,8,Monday,16.9000244,1.111695237,High
16-08-2023,954.4500122,959.7999878,946.5999756,956.5,956.5,17930805,ICICIBANK.NS,2023,8,Wednesday,13.2000122,0.214782102,High
17-08-2023,956.9500122,957.7999878,946.4500122,951.6500244,951.6500244,27077611,ICICIBANK.NS,2023,8,Thursday,11.3499756,-0.553841657,High
18-08-2023,947.9000244,955,946,950.6500244,950.6500244,13257508,ICICIBANK.NS,2023,8,Friday,9,0.290114984,Medium
21-08-2023,950.7000122,959.2999878,948.4000244,955.2000122,955.2000122,13358017,ICICIBANK.NS,2023,8,Monday,10.8999634,0.473335431,Medium
22-08-2023,956.4000244,956.9500122,949.2999878,952,952,16872719,ICICIBANK.NS,2023,8,Tuesday,7.6500244,-0.460061092,High
23-08-2023,954,968.0499878,949.8499756,966.8499756,966.8499756,14707331,ICICIBANK.NS,2023,8,Wednesday,18.2000122,1.34695761,Medium
24-08-2023,972.5,982.4000244,966.75,968.9500122,968.9500122,28389740,ICICIBANK.NS,2023,8,Thursday,15.6500244,-0.365037306,High
25-08-2023,962.9500122,972.5999756,960.2000122,970.4000244,970.4000244,10275758,ICICIBANK.NS,2023,8,Friday,12.3999634,0.773665518,Low
28-08-2023,969.9500122,975,965.0499878,970.5499878,970.5499878,10481574,ICICIBANK.NS,2023,8,Monday,9.9500122,0.061856342,Low
29-08-2023,973.2999878,977.25,965.6500244,967.75,967.75,13209913,ICICIBANK.NS,2023,8,Tuesday,11.5999756,-0.570223761,Medium
30-08-2023,970.4500122,975.9000244,955.4000244,958.9000244,958.9000244,13936165,ICICIBANK.NS,2023,8,Wednesday,20.5,-1.190168237,Medium
31-08-2023,960,966.2000122,954.0499878,958.75,958.75,36675400,ICICIBANK.NS,2023,8,Thursday,12.1500244,-0.130208333,High
01-09-2023,956.9000244,973.0499878,952.7999878,968.7000122,968.7000122,16268147,ICICIBANK.NS,2023,9,Friday,20.25,1.233147403,High
04-09-2023,968.7000122,969.0499878,960.5499878,967.3499756,967.3499756,9512956,ICICIBANK.NS,2023,9,Monday,8.5,-0.139365808,Low
05-09-2023,964.0999756,970,962.25,968.4000244,968.4000244,16623486,ICICIBANK.NS,2023,9,Tuesday,7.75,0.446016898,High
06-09-2023,962.5499878,969.5,950.7999878,957.5,957.5,30802100,ICICIBANK.NS,2023,9,Wednesday,18.7000122,-0.524646809,High
07-09-2023,957.4000244,969.5,954.7000122,965.6500244,965.6500244,13462347,ICICIBANK.NS,2023,9,Thursday,14.7999878,0.861708773,Medium
08-09-2023,967.5,975,961.25,970.5499878,970.5499878,13086915,ICICIBANK.NS,2023,9,Friday,13.75,0.315244217,Medium
11-09-2023,974.9500122,982,969.3499756,978.25,978.25,7894110,ICICIBANK.NS,2023,9,Monday,12.6500244,0.338477641,Low
12-09-2023,990.0999756,995.1500244,982.6500244,990.5,990.5,20959591,ICICIBANK.NS,2023,9,Tuesday,12.5,0.040402425,High
13-09-2023,989.7999878,994.8499756,980.5499878,989.7999878,989.7999878,21997553,ICICIBANK.NS,2023,9,Wednesday,14.2999878,0,High
14-09-2023,992.2999878,992.9000244,982.25,987.7000122,987.7000122,11464188,ICICIBANK.NS,2023,9,Thursday,10.6500244,-0.463567032,Medium
15-09-2023,990.3499756,997.5,988.5999756,992.4500122,992.4500122,13307980,ICICIBANK.NS,2023,9,Friday,8.9000244,0.212049947,Medium
18-09-2023,990.0999756,996.25,987.2999878,990.2000122,990.2000122,16713222,ICICIBANK.NS,2023,9,Monday,8.9500122,0.010103687,High
20-09-2023,981.5499878,996,980.6500244,987.1500244,987.1500244,25741856,ICICIBANK.NS,2023,9,Wednesday,15.3499756,0.570529944,High
21-09-2023,979.9500122,982.5,957.4500122,959.2999878,959.2999878,19742813,ICICIBANK.NS,2023,9,Thursday,25.0499878,-2.107252834,High
22-09-2023,956.5,960.9000244,947.4000244,950.2999878,950.2999878,12701888,ICICIBANK.NS,2023,9,Friday,13.5,-0.648197825,Medium
25-09-2023,950.2999878,961.2000122,941.5,956.3499756,956.3499756,8997098,ICICIBANK.NS,2023,9,Monday,19.7000122,0.636639785,Low
26-09-2023,958.9500122,958.9500122,947.0999756,948.7000122,948.7000122,10521409,ICICIBANK.NS,2023,9,Tuesday,11.8500366,-1.068877404,Low
27-09-2023,946.2999878,946.5,934.4000244,943.0999756,943.0999756,15152973,ICICIBANK.NS,2023,9,Wednesday,12.0999756,-0.33816044,Medium
28-09-2023,945.5,947.25,934.75,942.5999756,942.5999756,25991282,ICICIBANK.NS,2023,9,Thursday,12.5,-0.306718604,High
29-09-2023,946.7000122,956,943.7000122,951.9000244,951.9000244,10447334,ICICIBANK.NS,2023,9,Friday,12.2999878,0.549277716,Low
03-10-2023,951.5999756,951.5999756,939,940.2999878,940.2999878,11131636,ICICIBANK.NS,2023,10,Tuesday,12.5999756,-1.187472477,Medium
04-10-2023,935,935.5,925,930.0499878,930.0499878,17334739,ICICIBANK.NS,2023,10,Wednesday,10.5,-0.52941307,High
05-10-2023,935.2000122,943.9500122,934.5499878,940.8499756,940.8499756,10478856,ICICIBANK.NS,2023,10,Thursday,9.4000244,0.604144924,Low
06-10-2023,946,946.5499878,938,945.2000122,945.2000122,6355755,ICICIBANK.NS,2023,10,Friday,8.5499878,-0.084565307,Low
09-10-2023,940.25,942.0499878,936.2999878,938.5999756,938.5999756,6725306,ICICIBANK.NS,2023,10,Monday,5.75,-0.175487838,Low
10-10-2023,940.4000244,957.5,940.3499756,951.2000122,951.2000122,11452715,ICICIBANK.NS,2023,10,Tuesday,17.1500244,1.148446142,Medium
11-10-2023,954.9000244,962.0499878,950.75,953.0999756,953.0999756,12233117,ICICIBANK.NS,2023,10,Wednesday,11.2999878,-0.188506519,Medium
12-10-2023,952.8499756,960.0999756,948.4000244,954.25,954.25,7836818,ICICIBANK.NS,2023,10,Thursday,11.6999512,0.146930203,Low
13-10-2023,949.9500122,957.4000244,944.5499878,951.2999878,951.2999878,6650442,ICICIBANK.NS,2023,10,Friday,12.8500366,0.142110172,Low
16-10-2023,948.5,954.8499756,946.1500244,951.4000244,951.4000244,5763024,ICICIBANK.NS,2023,10,Monday,8.6999512,0.305748487,Low
17-10-2023,955.4000244,960.9500122,951.5,953.9000244,953.9000244,7747527,ICICIBANK.NS,2023,10,Tuesday,9.4500122,-0.157002299,Low
18-10-2023,949.2000122,950.6500244,939.0999756,943.75,943.75,12000153,ICICIBANK.NS,2023,10,Wednesday,11.5500488,-0.574168998,Medium
19-10-2023,936,945,934,935.75,935.75,8612676,ICICIBANK.NS,2023,10,Thursday,11,-0.026709402,Low
20-10-2023,932,940,930,932.75,932.75,6586576,ICICIBANK.NS,2023,10,Friday,10,0.080472103,Low
23-10-2023,942,944.7999878,925.4000244,929.9500122,929.9500122,11856890,ICICIBANK.NS,2023,10,Monday,19.3999634,-1.279191911,Medium
25-10-2023,926.0499878,933.7999878,911.4000244,916.0999756,916.0999756,12593434,ICICIBANK.NS,2023,10,Wednesday,22.3999634,-1.074457354,Medium
26-10-2023,914.2999878,916.5999756,899,908.6500244,908.6500244,21693345,ICICIBANK.NS,2023,10,Thursday,17.5999756,-0.6179551,High
27-10-2023,916,918.1500244,911.2999878,912.75,912.75,8645505,ICICIBANK.NS,2023,10,Friday,6.8500366,-0.354803493,Low
30-10-2023,909.0999756,926.2999878,908.2000122,924.9000244,924.9000244,7687791,ICICIBANK.NS,2023,10,Monday,18.0999756,1.737988035,Low
31-10-2023,929.2999878,931,914.0999756,915.3499756,915.3499756,17211107,ICICIBANK.NS,2023,10,Tuesday,16.9000244,-1.501131215,High
01-11-2023,913.7999878,917.5999756,909.2999878,914.0499878,914.0499878,12927203,ICICIBANK.NS,2023,11,Wednesday,8.2999878,0.027358284,Medium
02-11-2023,920.0499878,924.7999878,912.7999878,919.9500122,919.9500122,9747311,ICICIBANK.NS,2023,11,Thursday,12,-0.010866323,Low
03-11-2023,928.5499878,934.5,926.7999878,933.7999878,933.7999878,7146961,ICICIBANK.NS,2023,11,Friday,7.7000122,0.56539767,Low
06-11-2023,941,947.75,937.4000244,945.4500122,945.4500122,10338367,ICICIBANK.NS,2023,11,Monday,10.3499756,0.472902465,Low
07-11-2023,943.5999756,950.4500122,930.4500122,948.0999756,948.0999756,15704942,ICICIBANK.NS,2023,11,Tuesday,20,0.476897003,Medium
08-11-2023,948.4500122,948.4500122,934.0999756,935.75,935.75,17606074,ICICIBANK.NS,2023,11,Wednesday,14.3500366,-1.339028102,High
09-11-2023,934,942.3499756,933,937.3499756,937.3499756,9406117,ICICIBANK.NS,2023,11,Thursday,9.3499756,0.358669764,Low
10-11-2023,934.9000244,941.4500122,932.4000244,938.5999756,938.5999756,9560455,ICICIBANK.NS,2023,11,Friday,9.0499878,0.395759023,Low
13-11-2023,940.9000244,940.9000244,932,934.4500122,934.4500122,11470096,ICICIBANK.NS,2023,11,Monday,8.9000244,-0.685515149,Medium
15-11-2023,944.4000244,944.4000244,938.75,941.0999756,941.0999756,19492138,ICICIBANK.NS,2023,11,Wednesday,5.6500244,-0.349433367,High
16-11-2023,939,946.2000122,934,936,936,19706373,ICICIBANK.NS,2023,11,Thursday,12.2000122,-0.319488818,High
17-11-2023,926.5499878,938.4000244,920.1500244,921.8499756,921.8499756,10956653,ICICIBANK.NS,2023,11,Friday,18.25,-0.507259431,Low
20-11-2023,922,926.75,917.5,921.4500122,921.4500122,10562301,ICICIBANK.NS,2023,11,Monday,9.25,-0.059651605,Low
21-11-2023,924.4000244,928.0499878,922,926.0999756,926.0999756,8989572,ICICIBANK.NS,2023,11,Tuesday,6.0499878,0.183897788,Low
22-11-2023,923.25,925.2000122,914.75,922.75,922.75,12197979,ICICIBANK.NS,2023,11,Wednesday,10.4500122,-0.054156512,Medium
23-11-2023,923,925.3499756,918.5,923,923,5534614,ICICIBANK.NS,2023,11,Thursday,6.8499756,0,Low
24-11-2023,921.5,930.4000244,920.2000122,929.4000244,929.4000244,7452002,ICICIBANK.NS,2023,11,Friday,10.2000122,0.857300532,Low
28-11-2023,928.9000244,931.0499878,921.7000122,925.5,925.5,14231987,ICICIBANK.NS,2023,11,Tuesday,9.3499756,-0.366026947,Medium
29-11-2023,930.9000244,941.0999756,926,939.5999756,939.5999756,11680078,ICICIBANK.NS,2023,11,Wednesday,15.0999756,0.934574173,Medium
30-11-2023,938.9500122,940.8499756,928.2000122,934.9500122,934.9500122,23950292,ICICIBANK.NS,2023,11,Thursday,12.6499634,-0.426007769,High
01-12-2023,935.9500122,952,933,946.7000122,946.7000122,16986046,ICICIBANK.NS,2023,12,Friday,19,1.148565614,High
04-12-2023,963.7000122,994.8499756,961.4000244,991.2000122,991.2000122,33131257,ICICIBANK.NS,2023,12,Monday,33.4499512,2.853585104,High
05-12-2023,1002.5,1015.75,995.0499878,1013.450012,1013.450012,31378461,ICICIBANK.NS,2023,12,Tuesday,20.7000122,1.092270524,High
06-12-2023,1014,1016.25,1000.25,1003.25,1003.25,18786590,ICICIBANK.NS,2023,12,Wednesday,16,-1.060157791,High
07-12-2023,996.3499756,1002.200012,988.1500244,999,999,11841945,ICICIBANK.NS,2023,12,Thursday,14.0499876,0.265973249,Medium
08-12-2023,994.5,1012.849976,993.25,1010.849976,1010.849976,16116363,ICICIBANK.NS,2023,12,Friday,19.599976,1.644039819,High
11-12-2023,1007.099976,1020,1004.650024,1017.099976,1017.099976,11714606,ICICIBANK.NS,2023,12,Monday,15.349976,0.992950078,Medium
12-12-2023,1017.099976,1021,1008.599976,1015.700012,1015.700012,12380856,ICICIBANK.NS,2023,12,Tuesday,12.400024,-0.137642713,Medium
13-12-2023,1014.799988,1020.700012,1009.200012,1013.900024,1013.900024,15887040,ICICIBANK.NS,2023,12,Wednesday,11.5,-0.08868388,Medium
14-12-2023,1022.25,1040,1021.25,1033.650024,1033.650024,16317672,ICICIBANK.NS,2023,12,Thursday,18.75,1.115189435,High
15-12-2023,1043.650024,1043.699951,1025.699951,1037.400024,1037.400024,14306067,ICICIBANK.NS,2023,12,Friday,18,-0.598859757,Medium
18-12-2023,1029.949951,1029.949951,1018,1021.450012,1021.450012,8592711,ICICIBANK.NS,2023,12,Monday,11.949951,-0.825276897,Low
19-12-2023,1025.5,1025.5,1012.599976,1015.450012,1015.450012,10094256,ICICIBANK.NS,2023,12,Tuesday,12.900024,-0.980008581,Low
20-12-2023,1022,1022,1002,1006.650024,1006.650024,16490281,ICICIBANK.NS,2023,12,Wednesday,20,-1.501954599,High
21-12-2023,996.5499878,1010.900024,989.2000122,1004.400024,1004.400024,18064916,ICICIBANK.NS,2023,12,Thursday,21.7000118,0.787721268,High
22-12-2023,1002.950012,1009.549988,991.5999756,994.2999878,994.2999878,20881976,ICICIBANK.NS,2023,12,Friday,17.9500124,-0.862458158,High
26-12-2023,994.9000244,997.5,989.9000244,995.0999756,995.0999756,14339699,ICICIBANK.NS,2023,12,Tuesday,7.5999756,0.020097617,Medium
27-12-2023,997.9500122,1004.900024,992,1002.25,1002.25,12996468,ICICIBANK.NS,2023,12,Wednesday,12.900024,0.430882083,Medium
28-12-2023,1008,1011.700012,999.0999756,1005.900024,1005.900024,24915990,ICICIBANK.NS,2023,12,Thursday,12.6000364,-0.208330952,High
29-12-2023,1004.049988,1008.549988,993.7000122,996.5999756,996.5999756,12280140,ICICIBANK.NS,2023,12,Friday,14.8499758,-0.741996164,Medium
01-01-2024,991.5499878,1004.849976,991,999.4000244,999.4000244,7683792,ICICIBANK.NS,2024,1,Monday,13.849976,0.79169348,Low
02-01-2024,997,997.6500244,980.25,982.25,982.25,16263825,ICICIBANK.NS,2024,1,Tuesday,17.4000244,-1.479438315,High
03-01-2024,984.7000122,988,975.0999756,984.0499878,984.0499878,16826752,ICICIBANK.NS,2024,1,Wednesday,12.9000244,-0.066012429,High
04-01-2024,986.4000244,989.1500244,981.9000244,987.1500244,987.1500244,22789140,ICICIBANK.NS,2024,1,Thursday,7.25,0.076034061,High
05-01-2024,988,998.2999878,983.7999878,993.7000122,993.7000122,14875499,ICICIBANK.NS,2024,1,Friday,14.5,0.576924312,Medium
08-01-2024,994,998.2000122,980.2999878,982,982,8393164,ICICIBANK.NS,2024,1,Monday,17.9000244,-1.207243461,Low
09-01-2024,986.25,995,975.4000244,979.75,979.75,14660414,ICICIBANK.NS,2024,1,Tuesday,19.5999756,-0.659062104,Medium
10-01-2024,974.2999878,994.9500122,974.2999878,993.0499878,993.0499878,9409181,ICICIBANK.NS,2024,1,Wednesday,20.6500244,1.92445861,Low
11-01-2024,995.2999878,998.5,986.8499756,991.1500244,991.1500244,6451345,ICICIBANK.NS,2024,1,Thursday,11.6500244,-0.416956038,Low
12-01-2024,994.7999878,1008.700012,991.75,1003.5,1003.5,12255743,ICICIBANK.NS,2024,1,Friday,16.950012,0.874548885,Medium
15-01-2024,1003.5,1011.650024,999.25,1009.849976,1009.849976,12388044,ICICIBANK.NS,2024,1,Monday,12.400024,0.63278286,Medium
16-01-2024,1006.099976,1015.799988,1004.599976,1009.049988,1009.049988,11505126,ICICIBANK.NS,2024,1,Tuesday,11.200012,0.29321261,Medium
17-01-2024,987.9000244,1007.799988,976.75,981.75,981.75,41914771,ICICIBANK.NS,2024,1,Wednesday,31.049988,-0.6225351,High
18-01-2024,973.9500122,994.2999878,970.1500244,986.3499756,986.3499756,17902484,ICICIBANK.NS,2024,1,Thursday,24.1499634,1.2731622,High
19-01-2024,991.2999878,1010.900024,987.5499878,999.2000122,999.2000122,23271148,ICICIBANK.NS,2024,1,Friday,23.3500362,0.796935791,High
23-01-2024,1059.099976,1059.400024,1021.200012,1029.050049,1029.050049,50797448,ICICIBANK.NS,2024,1,Tuesday,38.200012,-2.837307873,High
24-01-2024,1029.449951,1035.949951,996.6500244,999.2000122,999.2000122,34578943,ICICIBANK.NS,2024,1,Wednesday,39.2999266,-2.938456481,High
25-01-2024,998.4000244,1015.099976,988.1500244,1009.950012,1009.950012,28315035,ICICIBANK.NS,2024,1,Thursday,26.9499516,1.156849691,High
29-01-2024,1020,1032,1010,1016.400024,1016.400024,14078922,ICICIBANK.NS,2024,1,Monday,22,-0.352938824,Medium
30-01-2024,1014.950012,1023.849976,1008,1016.900024,1016.900024,16085742,ICICIBANK.NS,2024,1,Tuesday,15.849976,0.192128871,High
31-01-2024,1016.799988,1039,1003.25,1028.150024,1028.150024,25627447,ICICIBANK.NS,2024,1,Wednesday,35.75,1.116250603,High
01-02-2024,1033.949951,1033.949951,1017.400024,1025.150024,1025.150024,13058880,ICICIBANK.NS,2024,2,Thursday,16.549927,-0.851097966,Medium
02-02-2024,1037.099976,1050,1021.650024,1024,1024,14774650,ICICIBANK.NS,2024,2,Friday,28.349976,-1.26313531,Medium
05-02-2024,1022.5,1026.449951,1012.099976,1023.5,1023.5,12948430,ICICIBANK.NS,2024,2,Monday,14.349975,0.097799511,Medium
06-02-2024,1023.549988,1034.900024,1016.700012,1026.400024,1026.400024,12886927,ICICIBANK.NS,2024,2,Tuesday,18.200012,0.278446195,Medium
07-02-2024,1028,1031.550049,1013,1022.150024,1022.150024,16410895,ICICIBANK.NS,2024,2,Wednesday,18.550049,-0.569063813,High
08-02-2024,1024.099976,1028.25,985.25,989.2999878,989.2999878,20565502,ICICIBANK.NS,2024,2,Thursday,43,-3.398104581,High
09-02-2024,988.8499756,1013.75,985.5,1010.700012,1010.700012,12799837,ICICIBANK.NS,2024,2,Friday,28.25,2.209641193,Medium
12-02-2024,1010.400024,1012.200012,985.25,996.0999756,996.0999756,8050066,ICICIBANK.NS,2024,2,Monday,26.950012,-1.415285833,Low
13-02-2024,1006,1027.050049,1000.299988,1019.799988,1019.799988,18706292,ICICIBANK.NS,2024,2,Tuesday,26.750061,1.371768191,High
14-02-2024,1009.549988,1035.699951,1007.549988,1022.700012,1022.700012,17878720,ICICIBANK.NS,2024,2,Wednesday,28.149963,1.30256294,High
15-02-2024,1022.849976,1026.650024,1006.599976,1016.650024,1016.650024,10069878,ICICIBANK.NS,2024,2,Thursday,20.050048,-0.606144806,Low
16-02-2024,1023.200012,1026.199951,1016.900024,1023.25,1023.25,7159395,ICICIBANK.NS,2024,2,Friday,9.299927,0.004885457,Low
19-02-2024,1023.349976,1046,1023.349976,1043.75,1043.75,9388255,ICICIBANK.NS,2024,2,Monday,22.650024,1.993455267,Low
20-02-2024,1041.050049,1052.650024,1033.25,1048.75,1048.75,11293528,ICICIBANK.NS,2024,2,Tuesday,19.400024,0.739633124,Medium
21-02-2024,1056.800049,1064,1048,1051.949951,1051.949951,15946325,ICICIBANK.NS,2024,2,Wednesday,16,-0.458941879,High
22-02-2024,1056,1066,1040.300049,1062.699951,1062.699951,13432573,ICICIBANK.NS,2024,2,Thursday,25.699951,0.634465057,Medium
23-02-2024,1070,1070,1057.650024,1061.300049,1061.300049,13142759,ICICIBANK.NS,2024,2,Friday,12.349976,-0.813079533,Medium
26-02-2024,1053.099976,1062.300049,1050.5,1054.199951,1054.199951,7875941,ICICIBANK.NS,2024,2,Monday,11.800049,0.104451147,Low
27-02-2024,1050.75,1066.199951,1046.5,1060.199951,1060.199951,10580973,ICICIBANK.NS,2024,2,Tuesday,19.699951,0.899352938,Low
28-02-2024,1063,1064.849976,1042.150024,1046.199951,1046.199951,7730332,ICICIBANK.NS,2024,2,Wednesday,22.699952,-1.580437347,Low
29-02-2024,1043.050049,1060.699951,1038.5,1052.199951,1052.199951,20944844,ICICIBANK.NS,2024,2,Thursday,22.199951,0.877225595,High
01-03-2024,1055,1089.949951,1054,1086.900024,1086.900024,14909562,ICICIBANK.NS,2024,3,Friday,35.949951,3.023698957,Medium
04-03-2024,1081,1095,1080.099976,1092.349976,1092.349976,11424581,ICICIBANK.NS,2024,3,Monday,14.900024,1.049951526,Medium
05-03-2024,1086.199951,1099.5,1076.5,1088.050049,1088.050049,9222544,ICICIBANK.NS,2024,3,Tuesday,23,0.170327572,Low
06-03-2024,1080.300049,1113.550049,1080.300049,1097.099976,1097.099976,21796484,ICICIBANK.NS,2024,3,Wednesday,33.25,1.555116749,High
07-03-2024,1094.949951,1095,1082.699951,1087.949951,1087.949951,9963926,ICICIBANK.NS,2024,3,Thursday,12.300049,-0.639298627,Low
11-03-2024,1087.949951,1087.949951,1076.75,1078.699951,1078.699951,13310362,ICICIBANK.NS,2024,3,Monday,11.199951,-0.850222935,Medium
12-03-2024,1077.050049,1094.800049,1055.650024,1076.849976,1076.849976,21785435,ICICIBANK.NS,2024,3,Tuesday,39.150025,-0.018576017,High
13-03-2024,1077.150024,1089.650024,1073.150024,1083.949951,1083.949951,24855870,ICICIBANK.NS,2024,3,Wednesday,16.5,0.631288757,High
14-03-2024,1080,1097.099976,1075.050049,1083.599976,1083.599976,14231421,ICICIBANK.NS,2024,3,Thursday,22.049927,0.333331111,Medium
15-03-2024,1072,1086.25,1070,1080.349976,1080.349976,66192734,ICICIBANK.NS,2024,3,Friday,16.25,0.778915672,High
18-03-2024,1075.050049,1084.800049,1060.050049,1081.199951,1081.199951,8769440,ICICIBANK.NS,2024,3,Monday,24.75,0.572057274,Low
19-03-2024,1078.449951,1088.75,1075.25,1083.949951,1083.949951,16708715,ICICIBANK.NS,2024,3,Tuesday,13.5,0.509991214,High
20-03-2024,1080,1090,1067.5,1084.5,1084.5,18725251,ICICIBANK.NS,2024,3,Wednesday,22.5,0.416666667,High
21-03-2024,1092,1100,1079.150024,1081.800049,1081.800049,19992607,ICICIBANK.NS,2024,3,Thursday,20.849976,-0.934061447,High
22-03-2024,1081.150024,1093.699951,1078.699951,1090.300049,1090.300049,17214415,ICICIBANK.NS,2024,3,Friday,15,0.846323341,High
26-03-2024,1081,1089.150024,1076.949951,1083.699951,1083.699951,13367635,ICICIBANK.NS,2024,3,Tuesday,12.200073,0.2497642,Medium
27-03-2024,1083.699951,1092.5,1079.550049,1083.75,1083.75,26907245,ICICIBANK.NS,2024,3,Wednesday,12.949951,0.004618345,High
28-03-2024,1085,1105.050049,1085,1093.300049,1093.300049,22070566,ICICIBANK.NS,2024,3,Thursday,20.050049,0.764981475,High
01-04-2024,1096.050049,1102.949951,1094.449951,1099.650024,1099.650024,10848191,ICICIBANK.NS,2024,4,Monday,8.5,0.328449874,Low
02-04-2024,1094.449951,1094.449951,1079.25,1081.199951,1081.199951,14380396,ICICIBANK.NS,2024,4,Tuesday,15.199951,-1.210653807,Medium
03-04-2024,1075,1083.650024,1072.25,1077.199951,1077.199951,15477184,ICICIBANK.NS,2024,4,Wednesday,11.400024,0.204646605,Medium
04-04-2024,1084.75,1085.800049,1063.449951,1078.849976,1078.849976,21419689,ICICIBANK.NS,2024,4,Thursday,22.350098,-0.543906338,High
05-04-2024,1070,1086,1067.449951,1083.400024,1083.400024,15340637,ICICIBANK.NS,2024,4,Friday,18.550049,1.252338692,Medium
08-04-2024,1078.349976,1091.75,1076.300049,1087.150024,1087.150024,8023461,ICICIBANK.NS,2024,4,Monday,15.449951,0.816066045,Low
09-04-2024,1091.949951,1115.25,1088.300049,1107.050049,1107.050049,12298463,ICICIBANK.NS,2024,4,Tuesday,26.949951,1.382856237,Medium
10-04-2024,1110.949951,1116.550049,1105.150024,1109.400024,1109.400024,10598000,ICICIBANK.NS,2024,4,Wednesday,11.400025,-0.139513666,Low
12-04-2024,1103.5,1111.849976,1095.800049,1104.400024,1104.400024,12216657,ICICIBANK.NS,2024,4,Friday,16.049927,0.081560852,Medium
15-04-2024,1100.199951,1106.150024,1076.599976,1078.349976,1078.349976,10526597,ICICIBANK.NS,2024,4,Monday,29.550048,-1.986000361,Low
16-04-2024,1070.550049,1074.599976,1062.699951,1067.050049,1067.050049,11278092,ICICIBANK.NS,2024,4,Tuesday,11.900025,-0.326934738,Medium
18-04-2024,1074,1078.050049,1050.449951,1055.449951,1055.449951,16564216,ICICIBANK.NS,2024,4,Thursday,27.600098,-1.727192644,High
19-04-2024,1052.949951,1072,1048.099976,1067.25,1067.25,11284433,ICICIBANK.NS,2024,4,Friday,23.900024,1.358093895,Medium
22-04-2024,1078.800049,1088.699951,1070.349976,1086.650024,1086.650024,10346714,ICICIBANK.NS,2024,4,Monday,18.349975,0.727658013,Low
23-04-2024,1100,1100,1082.699951,1090.25,1090.25,9848215,ICICIBANK.NS,2024,4,Tuesday,17.300049,-0.886363636,Low
24-04-2024,1092.25,1098.400024,1089,1096.75,1096.75,5461309,ICICIBANK.NS,2024,4,Wednesday,9.400024,0.411993591,Low
25-04-2024,1090,1125.650024,1089.949951,1113.75,1113.75,19905338,ICICIBANK.NS,2024,4,Thursday,35.700073,2.178899083,High
26-04-2024,1112.150024,1120,1102.75,1107.900024,1107.900024,14190059,ICICIBANK.NS,2024,4,Friday,17.25,-0.382142688,Medium
29-04-2024,1108,1163.449951,1107.900024,1160.150024,1160.150024,28576652,ICICIBANK.NS,2024,4,Monday,55.549927,4.706680866,High
