date,open,high,low,close,adj_close,volume,ticker,year,month,day_name,price_range,daily_return,volume_category
2022-04-01,725.0,738.2999878,723.0999756,736.25,725.8831787,12658848,ICICIBANK.NS,2022,4,Friday,15.20001220000006,1.5517241379310345,Medium
2022-04-04,742.0,749.7999878,725.0,746.5999756,736.0874023,17192197,ICICIBANK.NS,2022,4,Monday,24.799987800000054,0.6199428032345005,High
2022-04-05,746.7999878,755.4500122,738.0,741.7999878,731.3549805,12290391,ICICIBANK.NS,2022,4,Tuesday,17.450012199999946,-0.669523310348399,Medium
2022-04-06,732.2999878,744.9000244,732.0999756,741.5999756,731.1578369,13518142,ICICIBANK.NS,2022,4,Wednesday,12.800048800000013,1.2699696784017807,Medium
2022-04-07,737.0999756,757.7999878,737.0999756,748.5499878,738.0099487,15087175,ICICIBANK.NS,2022,4,Thursday,20.70001220000006,1.5533865932745068,Medium
2022-04-08,749.8499756,756.0,743.5999756,754.2999878,743.6790161,15480705,ICICIBANK.NS,2022,4,Friday,12.400024400000007,0.5934536700410423,Medium
2022-04-11,752.2999878,765.4500122,751.6500244,759.5999756,748.9043579,13216391,ICICIBANK.NS,2022,4,Monday,13.79998779999994,0.9703559641610219,Medium
2022-04-12,757.0,768.9000244,750.25,763.8499756,753.0945435,14020000,ICICIBANK.NS,2022,4,Tuesday,18.650024400000007,0.9048844914134734,Medium
2022-04-13,769.5999756,772.5499878,760.7000122,762.25,751.5170898,16119956,ICICIBANK.NS,2022,4,Wednesday,11.849975600000107,-0.9550384398426939,High
2022-04-18,751.0,762.9000244,749.2000122,757.7999878,747.1296997,17651530,ICICIBANK.NS,2022,4,Monday,13.70001220000006,0.905457762982697,High
2022-04-19,761.7999878,777.9000244,757.0,766.2999878,755.5100098,31088359,ICICIBANK.NS,2022,4,Tuesday,20.900024400000007,0.5907062315655237,High
2022-04-20,766.7999878,770.0,753.7999878,755.5499878,744.911377,15984202,ICICIBANK.NS,2022,4,Wednesday,16.200012199999946,-1.4671361735772837,High
2022-04-21,759.0499878,764.2000122,751.2000122,762.3499756,751.6156616,8953098,ICICIBANK.NS,2022,4,Thursday,13.0,0.4347523684921585,Low
2022-04-22,757.0,758.8499756,745.9000244,747.6500244,737.1226807,14411607,ICICIBANK.NS,2022,4,Friday,12.949951199999987,-1.2351354821664458,Medium
2022-04-25,747.6500244,762.2000122,744.0,752.2000122,741.6085815,35417460,ICICIBANK.NS,2022,4,Monday,18.200012199999946,0.6085718787545511,High
2022-04-26,768.0,768.5499878,751.6500244,753.75,743.1367798,18727514,ICICIBANK.NS,2022,4,Tuesday,16.899963400000047,-1.85546875,High
2022-04-27,749.0,750.0,732.5499878,736.7000122,726.3268433,21441480,ICICIBANK.NS,2022,4,Wednesday,17.450012199999946,-1.6421879572763758,High
2022-04-28,739.0999756,751.9000244,734.6500244,747.1500244,736.6297607,18649559,ICICIBANK.NS,2022,4,Thursday,17.25,1.0891691335079532,High
2022-04-29,750.0999756,759.9500122,740.0999756,743.2999878,732.8339233,19560317,ICICIBANK.NS,2022,4,Friday,19.850036599999953,-0.9065441969333053,High
2022-05-02,732.0,743.7999878,731.0999756,741.0,730.5662842,10903446,ICICIBANK.NS,2022,5,Monday,12.70001220000006,1.2295081967213115,Low
2022-05-04,746.2000122,747.0,721.1500244,724.25,714.052124,12212165,ICICIBANK.NS,2022,5,Wednesday,25.849975599999993,-2.941572211354615,Medium
2022-05-05,730.7999878,743.0,726.5,728.7999878,718.5380249,9121547,ICICIBANK.NS,2022,5,Thursday,16.5,-0.2736726920344921,Low
2022-05-06,716.25,723.0,710.2999878,719.25,709.1225586,12455025,ICICIBANK.NS,2022,5,Friday,12.700012199999946,0.41884816753926707,Medium
2022-05-09,705.2999878,720.0,704.4500122,710.3499756,700.3478394,13055889,ICICIBANK.NS,2022,5,Monday,15.549987800000054,0.7160056553739726,Medium
2022-05-10,705.0,720.0,705.0,711.2999878,701.2844849,12797419,ICICIBANK.NS,2022,5,Tuesday,15.0,0.8936152907801495,Medium
2022-05-11,718.0,719.7999878,707.1500244,714.2000122,704.1436768,13516852,ICICIBANK.NS,2022,5,Wednesday,12.649963400000047,-0.5292462116991717,Medium
2022-05-12,707.5499878,710.7000122,693.2999878,695.7999878,686.0026855,16685166,ICICIBANK.NS,2022,5,Thursday,17.400024399999893,-1.6606600526606636,High
2022-05-13,702.4000244,702.4000244,675.0,677.3499756,667.8125,15717043,ICICIBANK.NS,2022,5,Friday,27.400024400000007,-3.566350787273693,Medium
2022-05-16,676.7000122,690.9500122,675.75,683.0,673.3829346,9025623,ICICIBANK.NS,2022,5,Monday,15.200012199999946,0.9309868015988864,Low
2022-05-17,686.0999756,712.0,685.1500244,710.0,700.0028076,12765052,ICICIBANK.NS,2022,5,Tuesday,26.849975599999993,3.483460902195666,Medium
2022-05-18,712.3499756,717.0,706.0999756,707.3499756,697.3900757,11835013,ICICIBANK.NS,2022,5,Wednesday,10.900024400000007,-0.701902178881748,Medium
2022-05-19,693.0999756,698.7000122,685.5999756,690.2999878,680.5801392,16661023,ICICIBANK.NS,2022,5,Thursday,13.100036599999953,-0.4039803633777447,High
2022-05-20,694.7999878,711.9000244,693.7000122,709.5499878,699.559082,11695528,ICICIBANK.NS,2022,5,Friday,18.20001220000006,2.1229131057851753,Medium
2022-05-23,709.5499878,725.9500122,707.4500122,711.0499878,701.0379639,17438451,ICICIBANK.NS,2022,5,Monday,18.5,0.21140159619350216,High
2022-05-24,711.0499878,717.3499756,706.0499878,708.1500244,698.178833,13779981,ICICIBANK.NS,2022,5,Tuesday,11.29998779999994,-0.40784240907908315,Medium
2022-05-25,712.0499878,720.8499756,711.5999756,713.3499756,703.305603,10457589,ICICIBANK.NS,2022,5,Wednesday,9.25,0.18256973839947305,Low
2022-05-26,723.0,733.0,715.4500122,728.5,718.2422485,14028733,ICICIBANK.NS,2022,5,Thursday,17.549987800000054,0.7607192254495159,Medium
2022-05-27,733.5499878,741.2000122,731.25,739.7999878,729.3831787,8110620,ICICIBANK.NS,2022,5,Friday,9.950012199999946,0.8520210079676318,Low
2022-05-30,748.75,751.9500122,744.2999878,748.5,737.9606934,7628515,ICICIBANK.NS,2022,5,Monday,7.650024399999893,-0.0333889816360601,Low
2022-05-31,741.0,756.7000122,740.5,752.8499756,742.2493896,20272212,ICICIBANK.NS,2022,5,Tuesday,16.200012199999946,1.5991869905533054,High
2022-06-01,748.0,755.5999756,744.2000122,752.6500244,742.0522461,10102092,ICICIBANK.NS,2022,6,Wednesday,11.399963400000047,0.6216610160427816,Low
2022-06-02,751.0499878,751.75,743.2000122,749.75,739.1931152,10949759,ICICIBANK.NS,2022,6,Thursday,8.549987800000054,-0.17308938434417925,Low
2022-06-03,756.1500244,757.0,741.2000122,744.2999878,733.8198242,8563791,ICICIBANK.NS,2022,6,Friday,15.799987800000054,-1.5671541648633653,Low
2022-06-06,740.2000122,750.9500122,739.5999756,746.75,736.2352905,9107831,ICICIBANK.NS,2022,6,Monday,11.350036599999953,0.8848943112730273,Low
2022-06-07,741.0,742.9500122,732.3499756,735.25,724.8972168,9938912,ICICIBANK.NS,2022,6,Tuesday,10.600036599999953,-0.7759784075573549,Low
2022-06-08,736.5999756,741.0,726.4500122,729.5,719.2282715,9369224,ICICIBANK.NS,2022,6,Wednesday,14.549987800000054,-0.9638848540846998,Low
2022-06-09,725.0,734.0999756,722.1500244,732.75,722.4324951,7444368,ICICIBANK.NS,2022,6,Thursday,11.949951199999987,1.0689655172413792,Low
2022-06-10,724.75,728.2999878,718.0,720.0,709.8619385,7990818,ICICIBANK.NS,2022,6,Friday,10.299987800000054,-0.6553984132459468,Low
2022-06-13,702.25,702.2999878,682.0999756,688.0,678.312561,16622521,ICICIBANK.NS,2022,6,Monday,20.20001220000006,-2.029191883232467,High
2022-06-14,682.4000244,694.6500244,680.6500244,685.5,675.8477783,13348598,ICICIBANK.NS,2022,6,Tuesday,14.0,0.4542754233817102,Medium
2022-06-15,687.5,696.3499756,686.0999756,687.25,677.5731201,9199591,ICICIBANK.NS,2022,6,Wednesday,10.25,-0.03636363636363636,Low
2022-06-16,700.0,700.0499878,676.2999878,678.5,668.9462891,13237239,ICICIBANK.NS,2022,6,Thursday,23.75,-3.0714285714285716,Medium
2022-06-17,671.25,692.6500244,669.9500122,686.8499756,677.1787109,16335613,ICICIBANK.NS,2022,6,Friday,22.70001220000006,2.324018711359403,High
2022-06-20,686.0,687.7999878,677.5999756,685.9500122,676.2914429,10981042,ICICIBANK.NS,2022,6,Monday,10.20001220000006,-0.007286851311961157,Low
2022-06-21,690.5499878,708.0,688.5999756,696.0999756,686.2984619,13319648,ICICIBANK.NS,2022,6,Tuesday,19.400024400000007,0.8037054374124978,Medium
2022-06-22,694.25,698.9000244,685.0999756,686.5999756,676.932251,6838249,ICICIBANK.NS,2022,6,Wednesday,13.800048800000013,-1.1019120489737138,Low
2022-06-23,690.2000122,706.0,687.0,699.1500244,689.305603,14960412,ICICIBANK.NS,2022,6,Thursday,19.0,1.2967273314690417,Medium
2022-06-24,710.9000244,715.25,706.5499878,713.4500122,703.4041748,10856736,ICICIBANK.NS,2022,6,Friday,8.700012199999946,0.35869851068750924,Low
2022-06-27,728.8499756,728.8499756,716.0999756,717.3499756,707.2492676,8285225,ICICIBANK.NS,2022,6,Monday,12.75,-1.5778281381614963,Low
2022-06-28,711.0499878,717.2999878,707.0,710.2999878,700.298584,8339931,ICICIBANK.NS,2022,6,Tuesday,10.299987800000054,-0.10547781630944288,Low
2022-06-29,704.9500122,706.7000122,700.9500122,702.75,692.8549194,9570557,ICICIBANK.NS,2022,6,Wednesday,5.75,-0.31208059606016225,Low
2022-06-30,702.75,711.9000244,701.2000122,707.2000122,697.2421875,11970404,ICICIBANK.NS,2022,6,Thursday,10.70001220000006,0.6332283457844108,Medium
2022-07-01,703.4500122,706.75,694.0999756,703.9000244,693.9887085,9884899,ICICIBANK.NS,2022,7,Friday,12.650024400000007,0.06397216464502894,Low
2022-07-04,704.8499756,721.0999756,704.8499756,720.0999756,709.9605713,8303732,ICICIBANK.NS,2022,7,Monday,16.25,2.1635809786357036,Low
2022-07-05,723.0499878,732.1500244,718.0999756,719.4500122,709.3197632,11460367,ICICIBANK.NS,2022,7,Tuesday,14.050048800000013,-0.4978875127228246,Medium
2022-07-06,723.0,731.9000244,722.0,725.9500122,715.7282104,12163533,ICICIBANK.NS,2022,7,Wednesday,9.900024400000007,0.4080238174273785,Medium
2022-07-07,735.9500122,744.0,733.0,742.0,731.5522461,10374018,ICICIBANK.NS,2022,7,Thursday,11.0,0.8220650451400392,Low
2022-07-08,751.2999878,757.5,744.5499878,755.7000122,745.0593262,9797700,ICICIBANK.NS,2022,7,Friday,12.950012199999946,0.585654794549418,Low
2022-07-11,755.0,771.5499878,755.0,769.5,758.664978,12440573,ICICIBANK.NS,2022,7,Monday,16.549987800000054,1.9205298013245033,Medium
2022-07-12,765.3499756,767.4500122,757.7000122,759.9000244,749.2001953,10219829,ICICIBANK.NS,2022,7,Tuesday,9.75,-0.7120861532304185,Low
2022-07-13,764.75,764.75,749.9000244,753.2000122,742.5944824,8674121,ICICIBANK.NS,2022,7,Wednesday,14.849975599999993,-1.5102958875449564,Low
2022-07-14,750.0,759.5,748.7999878,752.4000244,741.8057861,7044542,ICICIBANK.NS,2022,7,Thursday,10.700012199999946,0.32000325333333424,Low
2022-07-15,753.25,759.0,744.2000122,751.2000122,740.6226807,6358018,ICICIBANK.NS,2022,7,Friday,14.799987800000054,-0.2721523796880257,Low
2022-07-18,759.25,773.1500244,757.8499756,772.0,761.1298218,8045363,ICICIBANK.NS,2022,7,Monday,15.300048800000013,1.6792887718142906,Low
2022-07-19,767.7999878,782.0,767.1500244,780.6500244,769.65802,12825591,ICICIBANK.NS,2022,7,Tuesday,14.849975599999993,1.6736177134906631,Medium
2022-07-20,789.5,789.5499878,780.2999878,783.0999756,772.0734863,8152179,ICICIBANK.NS,2022,7,Wednesday,9.25,-0.8106427359088039,Low
2022-07-21,784.9000244,788.9500122,780.0999756,786.0,774.9326782,8312338,ICICIBANK.NS,2022,7,Thursday,8.850036599999953,0.14014212839919912,Low
2022-07-22,789.0999756,803.9000244,789.0999756,800.0499878,788.7848511,12267898,ICICIBANK.NS,2022,7,Friday,14.800048800000013,1.3876584132034866,Medium
2022-07-25,803.0,817.7999878,797.0999756,800.9000244,789.6228638,21034148,ICICIBANK.NS,2022,7,Monday,20.70001220000006,-0.2615162640099618,High
2022-07-26,801.5999756,802.7999878,791.6500244,796.2999878,785.0875854,7374145,ICICIBANK.NS,2022,7,Tuesday,11.149963400000047,-0.6611761428801046,Low
2022-07-27,795.0,803.7999878,794.6500244,800.5,789.2285156,9536564,ICICIBANK.NS,2022,7,Wednesday,9.149963400000047,0.6918238993710693,Low
2022-07-28,806.9500122,815.5,805.2999878,814.5999756,803.1299438,11124518,ICICIBANK.NS,2022,7,Thursday,10.200012199999946,0.948009577339721,Low
2022-07-29,820.6500244,823.4000244,808.0,818.5999756,807.0736084,11095993,ICICIBANK.NS,2022,7,Friday,15.400024400000007,-0.24980792530882584,Low
2022-08-01,820.7000122,825.0,817.2999878,823.4000244,811.8060303,7974903,ICICIBANK.NS,2022,8,Monday,7.7000121999999465,0.3289889313833813,Low
2022-08-02,820.0,822.0,812.2000122,817.75,806.2355957,11106772,ICICIBANK.NS,2022,8,Tuesday,9.799987800000054,-0.274390243902439,Low
2022-08-03,817.75,828.0,811.5499878,824.7999878,813.1863403,11073975,ICICIBANK.NS,2022,8,Wednesday,16.450012199999946,0.8621201834301503,Low
2022-08-04,824.0,829.9500122,808.3499756,820.25,808.7004395,11113742,ICICIBANK.NS,2022,8,Thursday,21.600036599999953,-0.45509708737864074,Low
2022-08-05,823.0999756,840.9000244,823.0999756,838.2000122,826.3977051,16056522,ICICIBANK.NS,2022,8,Friday,17.800048800000013,1.8345325048749708,High
2022-08-08,836.5999756,842.2999878,831.1500244,836.9500122,830.1170654,12142951,ICICIBANK.NS,2022,8,Monday,11.149963400000047,0.04184037893963728,Medium
2022-08-10,842.1500244,853.0,842.1500244,848.75,841.8207397,23658553,ICICIBANK.NS,2022,8,Wednesday,10.849975599999993,0.7837054454403448,High
2022-08-11,860.0499878,866.5,858.0999756,859.7000122,852.6813354,22787391,ICICIBANK.NS,2022,8,Thursday,8.400024400000007,-0.040692471945187915,High
2022-08-12,863.9500122,877.25,858.5,874.4000244,867.2613525,10792853,ICICIBANK.NS,2022,8,Friday,18.75,1.2095621335069715,Low
2022-08-16,881.4500122,884.5,876.4000244,879.25,872.0717163,13804836,ICICIBANK.NS,2022,8,Tuesday,8.099975599999993,-0.24959012644505657,Medium
2022-08-17,881.7999878,885.5,878.4000244,883.25,876.0390625,9058040,ICICIBANK.NS,2022,8,Wednesday,7.099975599999993,0.164437765940276,Low
2022-08-18,880.5499878,887.6500244,875.0499878,885.0999756,877.8739014,13137856,ICICIBANK.NS,2022,8,Thursday,12.600036599999953,0.5167211246425435,Medium
2022-08-19,885.0,886.9000244,864.2999878,870.4000244,863.2940063,10787199,ICICIBANK.NS,2022,8,Friday,22.600036599999953,-1.649714757062146,Low
2022-08-22,865.5499878,867.4000244,849.5999756,852.25,845.2921143,13848023,ICICIBANK.NS,2022,8,Monday,17.800048800000013,-1.5365938406174688,Medium
2022-08-23,845.3499756,868.0,842.7999878,863.9000244,856.8470459,13254855,ICICIBANK.NS,2022,8,Tuesday,25.200012199999946,2.1943632028656337,Medium
2022-08-24,857.0499878,875.3499756,857.0499878,873.2999878,866.1702881,10494109,ICICIBANK.NS,2022,8,Wednesday,18.29998779999994,1.8960387645197745,Low
2022-08-25,873.2999878,881.4500122,866.7000122,872.3499756,865.2280273,9827829,ICICIBANK.NS,2022,8,Thursday,14.75,-0.10878417648823195,Low
2022-08-26,874.1500244,877.5,867.2999878,870.8499756,863.7402344,5976725,ICICIBANK.NS,2022,8,Friday,10.200012199999946,-0.37751515276397823,Low
2022-08-29,850.0499878,861.0,847.0,855.8499756,848.8627319,7755134,ICICIBANK.NS,2022,8,Monday,14.0,0.6823113797120085,Low
2022-08-30,860.5,890.75,859.0999756,887.2999878,880.0559692,12544701,ICICIBANK.NS,2022,8,Tuesday,31.650024400000007,3.11446691458455,Medium
2022-09-01,863.0,885.7000122,863.0,874.3499756,867.2116699,15877583,ICICIBANK.NS,2022,9,Thursday,22.700012199999946,1.315176778679026,Medium
2022-09-02,874.0999756,881.2999878,867.0,872.4000244,865.2776489,8401284,ICICIBANK.NS,2022,9,Friday,14.299987800000054,-0.19448017932194836,Low
2022-09-05,871.5499878,885.9000244,871.5499878,882.4500122,875.2456055,8744999,ICICIBANK.NS,2022,9,Monday,14.350036599999953,1.250648218986745,Low
2022-09-06,882.5,889.9500122,878.0999756,883.6500244,876.435791,9879326,ICICIBANK.NS,2022,9,Tuesday,11.850036599999953,0.13031437960340017,Low
2022-09-07,878.5499878,882.6500244,872.5,876.2000122,869.0466309,8814960,ICICIBANK.NS,2022,9,Wednesday,10.150024400000007,-0.26748342526129243,Low
2022-09-08,885.5,900.7999878,885.5,898.7999878,891.4620972,12163106,ICICIBANK.NS,2022,9,Thursday,15.299987800000054,1.5019749068323043,Medium
2022-09-09,910.1500244,911.9500122,897.7000122,901.25,893.8920898,9936230,ICICIBANK.NS,2022,9,Friday,14.25,-0.9778634468385788,Low
2022-09-12,905.0499878,908.9000244,902.7999878,907.2000122,899.7935181,6016978,ICICIBANK.NS,2022,9,Monday,6.100036599999953,0.23755863532203153,Low
2022-09-13,913.9500122,913.9500122,905.2999878,910.0,902.5706787,10400475,ICICIBANK.NS,2022,9,Tuesday,8.650024399999893,-0.43219127384130546,Low
2022-09-14,898.25,922.25,898.0499878,918.0999756,910.6044922,14712947,ICICIBANK.NS,2022,9,Wednesday,24.200012199999946,2.209849774561647,Medium
2022-09-15,920.0,936.6500244,915.75,917.5999756,910.1085815,16253099,ICICIBANK.NS,2022,9,Thursday,20.900024400000007,-0.26087221739130506,High
2022-09-16,914.9000244,917.5999756,905.2000122,909.0999756,901.6779785,11966860,ICICIBANK.NS,2022,9,Friday,12.399963400000047,-0.6339543824806146,Medium
2022-09-19,904.9500122,912.5,895.3499756,899.2000122,891.8588257,11235656,ICICIBANK.NS,2022,9,Monday,17.150024400000007,-0.6353942121091669,Medium
2022-09-20,909.2000122,922.5,907.3499756,916.75,909.265564,12090663,ICICIBANK.NS,2022,9,Tuesday,15.150024400000007,0.8303989989761742,Medium
2022-09-21,912.0,917.0,905.6500244,915.25,907.777771,8917640,ICICIBANK.NS,2022,9,Wednesday,11.349975599999993,0.356359649122807,Low
2022-09-22,906.0,911.7000122,895.2999878,903.4000244,896.0245972,11125669,ICICIBANK.NS,2022,9,Thursday,16.400024399999893,-0.28697302428256,Medium
2022-09-23,901.7000122,904.9000244,878.75,882.25,875.0472412,15927517,ICICIBANK.NS,2022,9,Friday,26.150024400000007,-2.1570380322547753,High
2022-09-26,870.0,877.9000244,859.2000122,861.0499878,854.0202637,14208640,ICICIBANK.NS,2022,9,Monday,18.70001220000006,-1.0287370344827524,Medium
2022-09-27,864.9500122,874.8499756,848.5999756,852.5499878,845.5896606,12493809,ICICIBANK.NS,2022,9,Tuesday,26.25,-1.433611679877365,Medium
2022-09-28,844.0,863.25,844.0,849.5,842.5645752,11411458,ICICIBANK.NS,2022,9,Wednesday,19.25,0.6516587677725119,Medium
2022-09-29,858.0,861.5999756,841.0999756,843.9000244,837.0103149,13803629,ICICIBANK.NS,2022,9,Thursday,20.5,-1.6433537995337988,Medium
2022-09-30,843.9000244,867.0499878,837.5,862.0,854.9625244,13175031,ICICIBANK.NS,2022,9,Friday,29.549987800000054,2.1448009333651576,Medium
2022-10-03,859.7000122,860.9500122,845.7000122,848.3499756,841.4239502,8232026,ICICIBANK.NS,2022,10,Monday,15.25,-1.320232225070562,Low
2022-10-04,865.0,872.6500244,860.0999756,867.6500244,860.5664063,8975095,ICICIBANK.NS,2022,10,Tuesday,12.550048800000013,0.3063612023121395,Low
2022-10-06,873.0499878,891.7000122,873.0499878,885.4500122,878.2211304,12116698,ICICIBANK.NS,2022,10,Thursday,18.650024399999893,1.420310929875474,Medium
2022-10-07,877.2000122,884.5,872.7999878,882.5499878,875.3447266,9705750,ICICIBANK.NS,2022,10,Friday,11.700012199999946,0.6098923307789834,Low
2022-10-10,872.0,889.7999878,870.7000122,881.75,874.5512695,7357588,ICICIBANK.NS,2022,10,Monday,19.099975600000107,1.1181192660550459,Low
2022-10-11,883.25,883.25,865.4500122,870.5999756,863.4923096,11130051,ICICIBANK.NS,2022,10,Tuesday,17.799987800000054,-1.4322133484290978,Medium
2022-10-12,867.9500122,871.7000122,861.5,868.3499756,861.2606812,14557532,ICICIBANK.NS,2022,10,Wednesday,10.200012199999946,0.04608138652896109,Medium
2022-10-13,862.3499756,865.4500122,850.5,853.5999756,846.6311035,11563124,ICICIBANK.NS,2022,10,Thursday,14.950012199999946,-1.0146692465448248,Medium
2022-10-14,883.7999878,883.7999878,868.5499878,870.25,863.1452026,8199540,ICICIBANK.NS,2022,10,Friday,15.25,-1.5331509376606096,Low
2022-10-17,872.0,887.5,868.5499878,885.2000122,877.9731445,8936947,ICICIBANK.NS,2022,10,Monday,18.950012199999946,1.513762866972471,Low
2022-10-18,896.0499878,900.7000122,891.1500244,896.9000244,889.5776367,8097552,ICICIBANK.NS,2022,10,Tuesday,9.54998779999994,0.09486486374348155,Low
2022-10-19,900.0499878,900.6500244,885.5499878,892.0999756,884.8167725,5529462,ICICIBANK.NS,2022,10,Wednesday,15.100036599999953,-0.8832856294384652,Low
2022-10-20,889.7000122,893.2999878,880.0999756,888.6500244,881.3950195,8107159,ICICIBANK.NS,2022,10,Thursday,13.20001220000006,-0.11801593633831581,Low
2022-10-21,888.0,910.0,885.7000122,907.1500244,899.7439575,17022807,ICICIBANK.NS,2022,10,Friday,24.299987800000054,2.1565342792792803,High
2022-10-24,925.0,933.5,917.5999756,926.2999878,918.7375488,4390050,ICICIBANK.NS,2022,10,Monday,15.900024400000007,0.1405392216216274,Low
2022-10-25,942.0499878,943.25,922.9500122,925.0499878,917.4978027,15838120,ICICIBANK.NS,2022,10,Tuesday,20.299987800000054,-1.804575152078782,Medium
2022-10-27,926.0499878,933.7000122,920.25,924.4000244,916.8531494,16080842,ICICIBANK.NS,2022,10,Thursday,13.450012199999946,-0.17817217447622183,High
2022-10-28,918.0,927.5,901.0,907.8499756,900.4381714,9854094,ICICIBANK.NS,2022,10,Friday,26.5,-1.1056671459694996,Low
2022-10-31,912.5999756,917.0499878,904.5999756,908.7000122,901.281311,9000840,ICICIBANK.NS,2022,10,Monday,12.45001220000006,-0.4273464282569116,Low
2022-11-01,921.0,921.0,899.5499878,908.5999756,901.1820679,9823761,ICICIBANK.NS,2022,11,Tuesday,21.450012199999946,-1.3463652985884915,Low
2022-11-02,920.5999756,920.75,902.3499756,904.7000122,897.3139648,7690974,ICICIBANK.NS,2022,11,Wednesday,18.400024400000007,-1.7271305476232783,Low
2022-11-03,901.0499878,913.8499756,897.0499878,908.6500244,901.2316895,9022366,ICICIBANK.NS,2022,11,Thursday,16.79998779999994,0.8434644806506431,Low
2022-11-04,906.2999878,913.4000244,900.2000122,905.2999878,897.9089966,7099336,ICICIBANK.NS,2022,11,Friday,13.20001220000006,-0.11033874141689577,Low
2022-11-07,910.25,920.0999756,903.4500122,917.5,910.0094604,11100219,ICICIBANK.NS,2022,11,Monday,16.649963400000047,0.7964844822850866,Low
2022-11-09,920.0,921.9000244,905.75,910.5,903.0665894,11590409,ICICIBANK.NS,2022,11,Wednesday,16.150024400000007,-1.0326086956521738,Medium
2022-11-10,907.5499878,912.9500122,903.9500122,910.7000122,903.2649536,10009741,ICICIBANK.NS,2022,11,Thursday,9.0,0.34709100791636777,Low
2022-11-11,925.9000244,928.0,903.5,906.5499878,899.1488037,17921457,ICICIBANK.NS,2022,11,Friday,24.5,-2.089862413875529,High
2022-11-14,905.0,906.5499878,891.25,894.9500122,887.6435547,12641308,ICICIBANK.NS,2022,11,Monday,15.299987800000054,-1.1104958895027683,Medium
2022-11-15,900.5499878,913.6500244,898.7999878,911.7000122,904.2567749,15176911,ICICIBANK.NS,2022,11,Tuesday,14.850036599999953,1.2381349787410316,Medium
2022-11-16,912.5499878,918.0999756,908.0999756,913.5999756,906.1412354,13008311,ICICIBANK.NS,2022,11,Wednesday,10.0,0.11506085299845092,Medium
2022-11-17,913.0,922.2999878,910.3499756,919.7999878,912.2906494,12584194,ICICIBANK.NS,2022,11,Thursday,11.95001220000006,0.7447960350492939,Medium
2022-11-18,919.7999878,922.0,910.5499878,920.3499756,912.8361206,10874061,ICICIBANK.NS,2022,11,Friday,11.450012199999946,0.05979428215860429,Low
2022-11-21,914.0499878,924.7999878,914.0499878,921.4000244,913.8776245,9245704,ICICIBANK.NS,2022,11,Monday,10.75,0.804117575417351,Low
2022-11-22,923.75,926.5,920.4000244,923.7000122,916.1588135,11256509,ICICIBANK.NS,2022,11,Tuesday,6.099975599999993,-0.005411399188097812,Medium
2022-11-23,927.0,931.8499756,923.7000122,927.4500122,919.8782349,10959704,ICICIBANK.NS,2022,11,Wednesday,8.149963400000047,0.04854500539373748,Low
2022-11-24,927.5499878,940.6500244,927.5499878,938.8499756,931.1851196,10844395,ICICIBANK.NS,2022,11,Thursday,13.100036599999953,1.218261867136854,Low
2022-11-25,940.2999878,942.9000244,927.5,930.2999878,922.704895,9815055,ICICIBANK.NS,2022,11,Friday,15.400024400000007,-1.0634903892104464,Low
2022-11-28,924.0,943.7999878,923.9500122,937.4000244,929.7470093,9381474,ICICIBANK.NS,2022,11,Monday,19.849975600000107,1.4502190909090917,Low
2022-11-29,933.5499878,949.9000244,933.5499878,946.75,939.0206299,13096845,ICICIBANK.NS,2022,11,Tuesday,16.350036599999953,1.4139587994754346,Medium
2022-11-30,948.0499878,958.2000122,941.0,952.9000244,945.1204224,20858573,ICICIBANK.NS,2022,11,Wednesday,17.200012199999946,0.5115802607892774,High
2022-12-01,956.0,957.0,936.25,940.2000122,932.5241089,15920653,ICICIBANK.NS,2022,12,Thursday,20.75,-1.6527183891213444,High
2022-12-02,928.25,934.5,926.0999756,930.5999756,923.0024414,14228874,ICICIBANK.NS,2022,12,Friday,8.400024400000007,0.25316192835981616,Medium
2022-12-05,937.0,937.0,928.4000244,933.5999756,925.9779663,10984608,ICICIBANK.NS,2022,12,Monday,8.599975599999993,-0.36286279615795164,Low
2022-12-06,925.0,929.75,920.2000122,922.6500244,915.1174316,18220912,ICICIBANK.NS,2022,12,Tuesday,9.549987800000054,-0.2540514162162155,High
2022-12-07,922.0,933.2000122,920.6500244,922.1500244,914.621521,15675663,ICICIBANK.NS,2022,12,Wednesday,12.54998779999994,0.01627162689804844,Medium
2022-12-08,925.0,933.5499878,923.7999878,931.9000244,924.2918701,10136870,ICICIBANK.NS,2022,12,Thursday,9.75,0.7459485837837845,Low
2022-12-09,932.0,934.7999878,925.0499878,929.9000244,922.3082275,9575331,ICICIBANK.NS,2022,12,Friday,9.75,-0.22531927038626537,Low
2022-12-12,925.0499878,933.9000244,925.0499878,930.2999878,922.704895,8493863,ICICIBANK.NS,2022,12,Monday,8.850036599999953,0.5675368973827902,Low
2022-12-13,929.5,935.9000244,927.7999878,932.9500122,925.333313,10415140,ICICIBANK.NS,2022,12,Tuesday,8.100036599999953,0.37116860677783176,Low
2022-12-14,936.0,936.0499878,920.0,921.75,914.2247314,12319827,ICICIBANK.NS,2022,12,Wednesday,16.049987800000054,-1.5224358974358974,Medium
2022-12-15,916.0,919.9000244,905.0,908.7999878,901.3804321,8929748,ICICIBANK.NS,2022,12,Thursday,14.900024400000007,-0.7860275327510858,Low
2022-12-16,905.5,913.7000122,899.6500244,902.0,894.6359863,9157260,ICICIBANK.NS,2022,12,Friday,14.04998779999994,-0.3865267807840972,Low
2022-12-19,908.0,910.5999756,901.1500244,906.4500122,899.0496826,7015083,ICICIBANK.NS,2022,12,Monday,9.449951199999987,-0.17070350220264907,Low
2022-12-20,906.0,912.4500122,895.7000122,909.7000122,902.2731323,6384331,ICICIBANK.NS,2022,12,Tuesday,16.75,0.408389867549663,Low
2022-12-21,910.25,915.8499756,887.0,892.25,884.9655762,11341147,ICICIBANK.NS,2022,12,Wednesday,28.849975599999993,-1.9774787146388355,Medium
2022-12-22,900.5,903.8499756,886.3499756,890.6500244,883.3786621,9788367,ICICIBANK.NS,2022,12,Thursday,17.5,-1.0938340477512485,Low
2022-12-23,883.0499878,889.6500244,875.2999878,878.9000244,871.7246094,11059215,ICICIBANK.NS,2022,12,Friday,14.350036599999953,-0.46995792507048456,Low
2022-12-26,881.0999756,897.0,875.25,893.2000122,885.9078369,6943159,ICICIBANK.NS,2022,12,Monday,21.75,1.3732875876838184,Low
2022-12-27,897.7000122,902.75,888.2000122,900.6500244,893.2969971,4994381,ICICIBANK.NS,2022,12,Tuesday,14.549987800000054,0.32861893281815197,Low
2022-12-28,896.0,903.9500122,895.7999878,898.9500122,891.6109009,8980300,ICICIBANK.NS,2022,12,Wednesday,8.150024399999893,0.3292424330357083,Low
2022-12-29,897.9000244,923.3499756,889.3499756,908.0499878,900.6365967,11994220,ICICIBANK.NS,2022,12,Thursday,34.0,1.130411306847053,Medium
2022-12-30,908.5,908.5,888.5499878,890.8499756,883.5769653,9688527,ICICIBANK.NS,2022,12,Friday,19.950012199999946,-1.9427654815630166,Low
2023-01-02,894.0,907.0,894.0,902.4500122,895.0823364,4315403,ICICIBANK.NS,2023,1,Monday,13.0,0.9451915212527905,Low
2023-01-03,898.5,905.9500122,896.75,901.3499756,893.991272,5846855,ICICIBANK.NS,2023,1,Tuesday,9.200012199999946,0.31719260990539716,Low
2023-01-04,899.0,907.9000244,894.7999878,899.0999756,891.7596436,12454582,ICICIBANK.NS,2023,1,Wednesday,13.100036599999953,0.011120756395994816,Medium
2023-01-05,900.9000244,903.0,872.0,879.1500244,871.9725342,16547196,ICICIBANK.NS,2023,1,Thursday,31.0,-2.4142523488647383,High
2023-01-06,878.9500122,878.9500122,860.5,870.0999756,862.9963989,14804613,ICICIBANK.NS,2023,1,Friday,18.450012199999946,-1.0068873630081001,Medium
2023-01-09,874.25,878.75,862.2999878,873.3499756,866.2198486,16811853,ICICIBANK.NS,2023,1,Monday,16.450012199999946,-0.1029481727194746,High
2023-01-10,875.4000244,878.4000244,856.5999756,861.3499756,854.3178101,13470142,ICICIBANK.NS,2023,1,Tuesday,21.800048800000013,-1.6049861101648848,Medium
2023-01-11,862.9000244,870.8499756,854.8499756,866.2999878,859.227417,15558460,ICICIBANK.NS,2023,1,Wednesday,16.0,0.39401591190869906,Medium
2023-01-12,865.5,869.3499756,854.9500122,860.6500244,853.6235962,16659001,ICICIBANK.NS,2023,1,Thursday,14.399963400000047,-0.5603669093009813,High
2023-01-13,864.7000122,874.9000244,858.2999878,873.4500122,866.3190918,11223103,ICICIBANK.NS,2023,1,Friday,16.600036599999953,1.0119116313804535,Medium
2023-01-16,877.25,877.4500122,861.0499878,865.25,858.1860352,8319812,ICICIBANK.NS,2023,1,Monday,16.400024399999893,-1.3679110857794243,Low
2023-01-17,866.9500122,867.9500122,858.0999756,865.1500244,858.086853,12624859,ICICIBANK.NS,2023,1,Tuesday,9.850036599999953,-0.2076230203206565,Medium
2023-01-18,864.4500122,872.0,858.6500244,869.5,862.4013062,11313898,ICICIBANK.NS,2023,1,Wednesday,13.349975599999993,0.5841850574040692,Medium
2023-01-19,868.0,870.5499878,862.0,866.1500244,859.0786743,6694679,ICICIBANK.NS,2023,1,Thursday,8.549987800000054,-0.21313082949308682,Low
2023-01-20,873.5,876.5,865.5499878,870.3499756,863.2443237,8127162,ICICIBANK.NS,2023,1,Friday,10.950012199999946,-0.36062099599313185,Low
2023-01-23,882.0,883.2999878,864.5999756,871.7000122,864.583374,16882379,ICICIBANK.NS,2023,1,Monday,18.70001220000006,-1.1677990702947905,High
2023-01-24,879.0,881.7000122,868.0,870.75,863.6411133,11504090,ICICIBANK.NS,2023,1,Tuesday,13.700012199999946,-0.938566552901024,Medium
2023-01-25,873.2999878,876.7999878,848.0,855.2999878,848.3171997,14918485,ICICIBANK.NS,2023,1,Wednesday,28.799987800000054,-2.0611474008313273,Medium
2023-01-27,839.1500244,843.0,813.0999756,817.2000122,810.5283203,39718683,ICICIBANK.NS,2023,1,Friday,29.900024400000007,-2.6157434977964185,High
2023-01-30,800.0,826.25,796.0,823.5,816.7768555,36301441,ICICIBANK.NS,2023,1,Monday,30.25,2.9375,High
2023-01-31,826.0,838.2999878,814.0999756,831.9000244,825.1082764,27291226,ICICIBANK.NS,2023,1,Tuesday,24.20001220000006,0.7142886682808725,High
2023-02-01,843.4500122,875.2000122,823.1500244,847.9500122,841.0272827,39237711,ICICIBANK.NS,2023,2,Wednesday,52.04998779999994,0.5335230226937212,High
2023-02-02,828.4000244,860.5999756,826.0999756,857.9000244,850.8960571,16798190,ICICIBANK.NS,2023,2,Thursday,34.5,3.5610814982008825,High
2023-02-03,864.6500244,872.6500244,852.0999756,863.7999878,856.7478027,14914366,ICICIBANK.NS,2023,2,Friday,20.550048800000013,-0.09830990296794503,Medium
2023-02-06,861.5,867.7999878,849.6500244,853.7000122,846.7302856,8463833,ICICIBANK.NS,2023,2,Monday,18.149963400000047,-0.9053961462565355,Low
2023-02-07,855.0,856.0,847.2000122,852.75,845.7880859,9337066,ICICIBANK.NS,2023,2,Tuesday,8.799987800000054,-0.2631578947368421,Low
2023-02-08,852.5,860.7000122,851.9000244,859.0999756,852.0861816,8082983,ICICIBANK.NS,2023,2,Wednesday,8.79998779999994,0.774190686217008,Low
2023-02-09,858.5,864.9000244,851.5999756,860.7999878,853.7723389,6299265,ICICIBANK.NS,2023,2,Thursday,13.300048800000013,0.2679077227722835,Low
2023-02-10,855.5499878,861.9000244,852.0,853.8499756,846.8790283,8656405,ICICIBANK.NS,2023,2,Friday,9.900024400000007,-0.1987040177946292,Low
2023-02-13,853.4000244,859.2999878,849.3499756,850.6500244,843.7052002,9394365,ICICIBANK.NS,2023,2,Monday,9.95001220000006,-0.32224044075150365,Low
2023-02-14,853.9000244,867.2999878,852.0999756,865.2999878,858.2355957,13402934,ICICIBANK.NS,2023,2,Tuesday,15.20001220000006,1.335046618368506,Medium
2023-02-15,866.4000244,873.25,860.5999756,870.7999878,863.6906738,12070288,ICICIBANK.NS,2023,2,Wednesday,12.650024400000007,0.5078443301114993,Medium
2023-02-16,875.9500122,877.7999878,864.8499756,869.4500122,862.3517456,10715685,ICICIBANK.NS,2023,2,Thursday,12.95001220000006,-0.7420514766219214,Low
2023-02-17,867.5499878,867.5499878,855.1500244,862.6500244,855.6072388,9990618,ICICIBANK.NS,2023,2,Friday,12.399963400000047,-0.5648047338950175,Low
2023-02-20,862.6500244,866.5499878,850.25,852.0999756,845.1433105,9013430,ICICIBANK.NS,2023,2,Monday,16.299987800000054,-1.222981336763759,Low
2023-02-21,854.4000244,859.4500122,846.8499756,854.2000122,847.2262573,11704445,ICICIBANK.NS,2023,2,Tuesday,12.600036599999953,-0.023409666934468797,Medium
2023-02-22,851.25,854.0999756,834.75,839.25,832.3982544,13880984,ICICIBANK.NS,2023,2,Wednesday,19.349975599999993,-1.4096916299559472,Medium
2023-02-23,836.5499878,844.4500122,833.5499878,839.75,832.894165,11743574,ICICIBANK.NS,2023,2,Thursday,10.900024399999893,0.3825249233958505,Medium
2023-02-24,843.9500122,845.5999756,835.5499878,839.7000122,832.8446045,8246139,ICICIBANK.NS,2023,2,Friday,10.04998779999994,-0.5035843282851724,Low
2023-02-27,833.5499878,858.2999878,833.5499878,856.4000244,849.4082642,14422574,ICICIBANK.NS,2023,2,Monday,24.75,2.741291696291469,Medium
2023-02-28,854.9000244,858.0,850.0,854.8499756,847.8709106,19600146,ICICIBANK.NS,2023,2,Tuesday,8.0,-0.005854345370400391,High
2023-03-01,864.0,864.0,851.8499756,856.2999878,849.309082,11015843,ICICIBANK.NS,2023,3,Wednesday,12.150024400000007,-0.8912051157407345,Low
2023-03-02,853.0,861.8499756,851.0999756,854.0,847.027832,12327141,ICICIBANK.NS,2023,3,Thursday,10.75,0.11723329425556857,Medium
2023-03-03,856.75,873.0,849.8499756,868.5499878,861.4590454,12823098,ICICIBANK.NS,2023,3,Friday,23.150024400000007,1.377296504231112,Medium
2023-03-06,871.75,876.8499756,865.3499756,867.75,860.6655884,13904231,ICICIBANK.NS,2023,3,Monday,11.5,-0.4588471465443074,Medium
2023-03-08,866.6500244,873.6500244,861.5,872.0999756,864.9800415,16144568,ICICIBANK.NS,2023,3,Wednesday,12.150024400000007,0.6288525986915078,High
2023-03-09,867.2000122,869.7999878,854.1500244,855.9500122,848.9619141,10624440,ICICIBANK.NS,2023,3,Thursday,15.649963400000047,-1.2972785795355182,Low
2023-03-10,844.7000122,845.3499756,836.25,842.6500244,835.7705688,17273189,ICICIBANK.NS,2023,3,Friday,9.099975599999993,-0.24268826451899747,High
2023-03-13,841.4500122,855.2999878,823.9500122,828.4000244,821.6369019,16413159,ICICIBANK.NS,2023,3,Monday,31.349975600000107,-1.5508928172548597,High
2023-03-14,827.0,834.4500122,818.25,830.3499756,823.5709229,15456802,ICICIBANK.NS,2023,3,Tuesday,16.200012199999946,0.40507564691656506,Medium
2023-03-15,836.4500122,843.9500122,822.2000122,825.9000244,819.1572876,12914488,ICICIBANK.NS,2023,3,Wednesday,21.75,-1.261281325377921,Medium
2023-03-16,829.7000122,831.2999878,810.2999878,823.9000244,817.173645,14987868,ICICIBANK.NS,2023,3,Thursday,21.0,-0.6990463679301294,Medium
2023-03-17,831.7999878,838.4000244,818.6500244,836.25,829.4227905,11104490,ICICIBANK.NS,2023,3,Friday,19.75,0.534985845788437,Low
2023-03-20,837.0,837.7999878,825.0,836.4500122,829.6211548,14838651,ICICIBANK.NS,2023,3,Monday,12.799987800000054,-0.06570941457587258,Medium
2023-03-21,843.0,854.5,839.0499878,852.4000244,845.440918,18755854,ICICIBANK.NS,2023,3,Tuesday,15.450012199999946,1.1150681376037967,High
2023-03-22,857.6500244,862.5499878,851.0,860.2000122,853.1772461,17431520,ICICIBANK.NS,2023,3,Wednesday,11.549987800000054,0.29732265230026383,High
2023-03-23,857.0,867.4500122,852.7999878,855.4500122,848.4660034,17920621,ICICIBANK.NS,2023,3,Thursday,14.650024399999893,-0.18086205367561886,High
2023-03-24,852.5,860.0,849.1500244,852.4000244,845.440918,17295696,ICICIBANK.NS,2023,3,Friday,10.849975599999993,-0.011727343108503624,High
2023-03-27,854.9500122,856.4000244,844.0499878,848.7000122,841.7711182,17047675,ICICIBANK.NS,2023,3,Monday,12.350036599999953,-0.7310368923110708,High
2023-03-28,855.5499878,858.9000244,848.2000122,854.75,847.7717285,24469018,ICICIBANK.NS,2023,3,Tuesday,10.70001220000006,-0.09350567604555501,High
2023-03-29,857.0499878,862.0999756,848.0,851.0,844.0523682,34881515,ICICIBANK.NS,2023,3,Wednesday,14.099975599999993,-0.7059083934567268,High
2023-03-31,861.9500122,881.0,858.5,877.25,870.0880127,25739021,ICICIBANK.NS,2023,3,Friday,22.5,1.775043515684755,High
2023-04-03,880.2000122,887.0999756,868.8499756,883.7999878,876.5845337,26416933,ICICIBANK.NS,2023,4,Monday,18.25,0.40899517724411444,High
2023-04-05,886.5999756,887.75,874.0,884.5999756,877.3779907,21068934,ICICIBANK.NS,2023,4,Wednesday,13.75,-0.2255808769503422,High
2023-04-06,882.0,890.0999756,872.7000122,875.0,867.8563843,26042745,ICICIBANK.NS,2023,4,Thursday,17.399963400000047,-0.7936507936507936,High
2023-04-10,880.0499878,882.7999878,864.4000244,868.4500122,861.3598633,30906205,ICICIBANK.NS,2023,4,Monday,18.399963400000047,-1.318104171445806,High
2023-04-11,873.7000122,885.5999756,865.0,881.9000244,874.7000732,39504022,ICICIBANK.NS,2023,4,Tuesday,20.599975599999993,0.9385386386057395,High
2023-04-12,883.4500122,892.0,880.2999878,890.1500244,882.8827515,22686032,ICICIBANK.NS,2023,4,Wednesday,11.700012199999946,0.7583917717444411,High
2023-04-13,891.0999756,901.6500244,886.5,899.0,891.6604614,34439635,ICICIBANK.NS,2023,4,Thursday,15.150024400000007,0.8865474824730774,High
2023-04-17,917.2999878,917.2999878,893.1500244,901.2999878,893.9416504,29957514,ICICIBANK.NS,2023,4,Monday,24.149963400000047,-1.744249450866503,High
2023-04-18,907.9500122,907.9500122,894.0999756,896.8499756,889.5280151,26699379,ICICIBANK.NS,2023,4,Tuesday,13.850036599999953,-1.2225382951539492,High
2023-04-19,895.9000244,896.9000244,887.25,891.9000244,884.6184692,24377956,ICICIBANK.NS,2023,4,Wednesday,9.650024400000007,-0.4464783894474018,High
2023-04-20,892.25,899.2999878,889.2000122,894.4000244,887.0980225,16999919,ICICIBANK.NS,2023,4,Thursday,10.099975600000107,0.240966590081256,High
2023-04-21,894.5499878,900.7000122,882.4000244,885.6500244,878.4194946,29578071,ICICIBANK.NS,2023,4,Friday,18.29998779999994,-0.9949095658575836,High
2023-04-24,905.0,906.5,895.0,904.75,897.3635254,30881665,ICICIBANK.NS,2023,4,Monday,11.5,-0.027624309392265196,High
2023-04-25,906.2999878,916.0,903.0999756,913.4500122,905.9924927,41383839,ICICIBANK.NS,2023,4,Tuesday,12.900024400000007,0.7889246933960835,High
2023-04-26,911.4500122,916.9500122,905.75,914.9500122,907.4802856,30371555,ICICIBANK.NS,2023,4,Wednesday,11.200012199999946,0.3840035057492537,High
2023-04-27,909.5,919.9000244,908.5499878,918.3499756,910.852478,25835108,ICICIBANK.NS,2023,4,Thursday,11.350036599999953,0.9730594392523358,High
2023-04-28,915.0999756,920.4500122,910.25,917.6500244,910.1582031,20381002,ICICIBANK.NS,2023,4,Friday,10.200012199999946,0.2786634103369998,High
2023-05-02,924.0,925.7999878,918.7000122,922.0999756,914.5718384,17515017,ICICIBANK.NS,2023,5,Tuesday,7.099975600000107,-0.20563034632034702,High
2023-05-03,919.5499878,923.8499756,911.5499878,922.8499756,915.3157349,18715142,ICICIBANK.NS,2023,5,Wednesday,12.29998779999994,0.35886986501898355,High
2023-05-04,920.0,923.9000244,911.7999878,921.7000122,914.1751709,20485002,ICICIBANK.NS,2023,5,Thursday,12.100036599999953,0.18478393478260288,High
2023-05-05,925.0,942.4500122,923.4500122,926.9500122,919.3822632,19002035,ICICIBANK.NS,2023,5,Friday,19.0,0.21081212972972393,High
2023-05-08,927.0,941.7000122,927.0,937.9000244,930.2429199,18623913,ICICIBANK.NS,2023,5,Monday,14.700012199999946,1.1758386623516728,High
2023-05-09,941.0,945.0,931.7999878,934.4000244,926.7714844,21507610,ICICIBANK.NS,2023,5,Tuesday,13.200012199999946,-0.7013789160467581,High
2023-05-10,934.5999756,941.0,928.25,936.0499878,928.407959,25910923,ICICIBANK.NS,2023,5,Wednesday,12.75,0.15514789619689137,High
2023-05-11,940.0499878,947.0,933.8499756,939.2000122,931.5322876,20027372,ICICIBANK.NS,2023,5,Thursday,13.150024400000007,-0.09041812786884938,High
2023-05-12,939.75,948.0,935.0999756,943.9000244,936.1939087,13873480,ICICIBANK.NS,2023,5,Friday,12.900024400000007,0.44160940675711696,Medium
2023-05-15,943.75,949.0,938.2000122,945.75,938.0288086,10453762,ICICIBANK.NS,2023,5,Monday,10.799987800000054,0.2119205298013245,Low
2023-05-16,950.0,952.2000122,943.0,946.3499756,938.6239014,19612293,ICICIBANK.NS,2023,5,Tuesday,9.200012199999946,-0.3842130947368428,High
2023-05-17,947.2999878,948.4000244,935.7999878,939.3499756,931.6810303,19273344,ICICIBANK.NS,2023,5,Wednesday,12.600036599999953,-0.8392285762045757,High
2023-05-18,947.9500122,952.25,942.0999756,946.5,938.772644,21550141,ICICIBANK.NS,2023,5,Thursday,10.150024400000007,-0.1529629391147706,High
2023-05-19,951.4500122,956.0,941.5999756,954.2999878,946.5089722,15427412,ICICIBANK.NS,2023,5,Friday,14.400024400000007,0.29954023474236147,Medium
2023-05-22,951.0499878,954.25,946.1500244,950.3499756,942.5911865,15509525,ICICIBANK.NS,2023,5,Monday,8.099975599999993,-0.0736041437337433,Medium
2023-05-23,952.0,958.8499756,945.0,953.4000244,945.616394,16579935,ICICIBANK.NS,2023,5,Tuesday,13.849975599999993,0.14706138655462253,High
2023-05-24,946.7000122,953.8499756,938.5,940.6500244,932.970459,18049620,ICICIBANK.NS,2023,5,Wednesday,15.349975599999993,-0.6390607079364671,High
2023-05-25,937.0,941.5999756,932.9500122,939.8499756,932.1769409,19328582,ICICIBANK.NS,2023,5,Thursday,8.649963400000047,0.30415961579509,High
2023-05-26,939.7999878,952.4500122,935.5499878,950.7000122,942.9384155,10957182,ICICIBANK.NS,2023,5,Friday,16.900024399999893,1.1598238499147053,Low
2023-05-29,953.8499756,957.5999756,946.7999878,948.1500244,940.4092407,12108079,ICICIBANK.NS,2023,5,Monday,10.79998779999994,-0.5975731347494713,Medium
2023-05-30,945.3499756,952.2999878,944.6500244,949.9500122,942.194519,18483624,ICICIBANK.NS,2023,5,Tuesday,7.649963400000047,0.48659615155544655,High
2023-05-31,949.5,952.0,940.5,949.1500244,941.401062,27254425,ICICIBANK.NS,2023,5,Wednesday,11.5,-0.03685893628225312,High
2023-06-01,954.25,954.25,932.7999878,936.0999756,928.4575806,21650700,ICICIBANK.NS,2023,6,Thursday,21.450012199999946,-1.9020198480482062,High
2023-06-02,943.0,944.6500244,935.0499878,938.1500244,930.4908447,12494376,ICICIBANK.NS,2023,6,Friday,9.600036599999953,-0.5143134252385996,Medium
2023-06-05,943.0,951.7999878,943.0,946.75,939.0206299,10751684,ICICIBANK.NS,2023,6,Monday,8.799987800000054,0.39766702014846234,Low
2023-06-06,946.5,947.7999878,938.0999756,942.0999756,934.4085693,11894330,ICICIBANK.NS,2023,6,Tuesday,9.70001220000006,-0.4648731537242479,Medium
2023-06-07,944.3499756,945.8499756,933.7999878,940.2000122,932.5241089,16486469,ICICIBANK.NS,2023,6,Wednesday,12.04998779999994,-0.4394518459497323,High
2023-06-08,936.5999756,950.5,935.2000122,937.9000244,930.2429199,17608140,ICICIBANK.NS,2023,6,Thursday,15.299987800000054,0.1388051285360308,High
2023-06-09,941.4000244,944.0,936.2000122,938.0499878,930.3916626,12253128,ICICIBANK.NS,2023,6,Friday,7.7999878000000535,-0.35585686351932,Medium
2023-06-12,938.0,943.5,933.2999878,935.9500122,928.3088379,10520125,ICICIBANK.NS,2023,6,Monday,10.200012199999946,-0.21854880597015494,Low
2023-06-13,935.9000244,946.25,934.0999756,943.5499878,935.8467407,13528776,ICICIBANK.NS,2023,6,Tuesday,12.150024400000007,0.8173910888510119,Medium
2023-06-14,946.0499878,946.9500122,936.25,939.7999878,932.1273804,13489262,ICICIBANK.NS,2023,6,Wednesday,10.700012199999946,-0.6606416236560729,Medium
2023-06-15,940.7000122,942.9500122,924.3499756,926.5999756,919.0350952,19366819,ICICIBANK.NS,2023,6,Thursday,18.600036599999953,-1.4988876812092757,High
2023-06-16,929.2999878,937.75,927.0,934.2000122,926.5731201,11249387,ICICIBANK.NS,2023,6,Friday,10.75,0.5272812293477028,Medium
2023-06-19,933.5,933.9500122,918.7000122,923.1500244,915.6133423,19351375,ICICIBANK.NS,2023,6,Monday,15.25,-1.1087279700053556,High
2023-06-20,920.9500122,928.5499878,914.7999878,925.5499878,917.9937134,15212286,ICICIBANK.NS,2023,6,Tuesday,13.75,0.4994815721877795,Medium
2023-06-21,928.0,928.4000244,920.0,924.7000122,917.1506348,9210553,ICICIBANK.NS,2023,6,Wednesday,8.400024400000007,-0.3556021336206954,Low
2023-06-22,924.4000244,935.5499878,920.7000122,925.75,918.1920776,27291569,ICICIBANK.NS,2023,6,Thursday,14.849975600000107,0.14603803162772758,High
2023-06-23,926.0499878,931.9000244,919.0,923.5,915.9604492,8767733,ICICIBANK.NS,2023,6,Friday,12.900024400000007,-0.27536178754864116,Low
2023-06-26,927.0999756,931.7999878,923.2000122,927.4500122,919.8782349,11749040,ICICIBANK.NS,2023,6,Monday,8.599975600000107,0.03775607908666124,Medium
2023-06-27,930.0,939.9500122,922.2000122,936.0999756,928.4575806,13422726,ICICIBANK.NS,2023,6,Tuesday,17.75,0.6559113548387089,Medium
2023-06-28,944.0,944.0,934.2999878,937.4500122,929.7965698,25708001,ICICIBANK.NS,2023,6,Wednesday,9.700012199999946,-0.6938546398305142,High
2023-06-30,940.5,942.2000122,930.6500244,934.5999756,926.9697876,13843218,ICICIBANK.NS,2023,6,Friday,11.54998779999994,-0.6273284848484856,Medium
2023-07-03,937.0,945.75,936.5,942.5499878,934.8549194,12350359,ICICIBANK.NS,2023,7,Monday,9.25,0.5923145997865585,Medium
2023-07-04,947.25,951.2999878,942.0,944.7000122,936.9873657,14041699,ICICIBANK.NS,2023,7,Tuesday,9.299987800000054,-0.26919902876749047,Medium
2023-07-05,942.0499878,964.75,941.0,958.0,950.178772,13817767,ICICIBANK.NS,2023,7,Wednesday,23.75,1.6931173936160786,Medium
2023-07-06,954.7000122,963.9000244,954.0,959.4000244,951.5673828,16334427,ICICIBANK.NS,2023,7,Thursday,9.900024400000007,0.49230251806212977,High
2023-07-07,953.0,955.0499878,943.7999878,946.4000244,938.6735229,8593807,ICICIBANK.NS,2023,7,Friday,11.25,-0.6925472822665261,Low
2023-07-10,946.0,952.9000244,941.3499756,948.4000244,940.6571655,12069184,ICICIBANK.NS,2023,7,Monday,11.550048800000013,0.25370236786469413,Medium
2023-07-11,948.4000244,952.7000122,941.9000244,944.9500122,937.2353516,16977595,ICICIBANK.NS,2023,7,Tuesday,10.79998779999994,-0.36377183796285656,High
2023-07-12,948.4000244,951.1500244,941.25,944.4000244,936.6898193,21511161,ICICIBANK.NS,2023,7,Wednesday,9.900024400000007,-0.4217629583603794,High
2023-07-13,947.7000122,959.25,942.2000122,955.7000122,947.897583,23222286,ICICIBANK.NS,2023,7,Thursday,17.049987800000054,0.844148981430181,High
2023-07-14,959.75,965.0,951.3499756,960.0499878,952.2120361,12871569,ICICIBANK.NS,2023,7,Friday,13.650024400000007,0.031256868976301484,Medium
2023-07-17,962.9000244,973.7999878,952.8499756,968.7000122,960.7914429,16290763,ICICIBANK.NS,2023,7,Monday,20.95001220000006,0.6023457942701803,High
2023-07-18,978.0,987.9500122,971.1500244,975.4500122,967.4863281,29709508,ICICIBANK.NS,2023,7,Tuesday,16.79998779999994,-0.2607349488752611,High
2023-07-19,980.0,980.0,967.5499878,973.4500122,965.5026855,15994261,ICICIBANK.NS,2023,7,Wednesday,12.450012199999946,-0.6683661020408218,High
2023-07-20,976.0499878,998.1500244,972.0999756,995.5999756,987.4718018,26487838,ICICIBANK.NS,2023,7,Thursday,26.050048800000013,2.0029699343642506,High
2023-07-21,995.2999878,1001.450012,988.7999878,997.0,988.8604126,16903003,ICICIBANK.NS,2023,7,Friday,12.650024199999962,0.17080400088797693,High
2023-07-24,1004.950012,1008.700012,990.0999756,992.0,983.9011841,21687719,ICICIBANK.NS,2023,7,Monday,18.600036400000022,-1.288622503145959,High
2023-07-25,999.0,999.0,988.25,994.7000122,986.5791626,29325327,ICICIBANK.NS,2023,7,Tuesday,10.75,-0.43042920920921457,High
2023-07-26,993.0999756,997.75,990.0,996.4500122,988.3148804,12780537,ICICIBANK.NS,2023,7,Wednesday,7.75,0.3373312538826683,Medium
2023-07-27,1002.549988,1006.5,987.2000122,990.25,982.1654663,25932395,ICICIBANK.NS,2023,7,Thursday,19.299987800000054,-1.2268702954689963,High
2023-07-28,988.0,998.7000122,977.0499878,996.2000122,988.0669556,12584130,ICICIBANK.NS,2023,7,Friday,21.650024399999893,0.8299607489878489,Medium
2023-07-31,996.0,999.4000244,988.5999756,998.2999878,990.1497803,14303116,ICICIBANK.NS,2023,7,Monday,10.800048800000013,0.23092246987952342,Medium
2023-08-01,1001.650024,1003.700012,990.4500122,994.5499878,986.4303589,15508569,ICICIBANK.NS,2023,8,Tuesday,13.249999800000069,-0.7088340268436889,Medium
2023-08-02,985.25,994.0999756,977.5,986.9500122,978.8924561,15787996,ICICIBANK.NS,2023,8,Wednesday,16.599975599999993,0.17254627759451371,Medium
2023-08-03,976.5499878,983.0,960.0499878,965.0,957.1216431,30994707,ICICIBANK.NS,2023,8,Thursday,22.950012199999946,-1.182733904489641,High
2023-08-04,968.6500244,976.0,961.25,970.5,962.5767212,20582882,ICICIBANK.NS,2023,8,Friday,14.75,0.1909849329891777,High
2023-08-07,970.9500122,981.5,968.2000122,975.6500244,967.6846924,16686062,ICICIBANK.NS,2023,8,Monday,13.299987800000054,0.48406325155202057,High
2023-08-08,975.75,986.5999756,972.2999878,979.9000244,971.9000244,23784778,ICICIBANK.NS,2023,8,Tuesday,14.29998779999994,0.4253163617729958,High
2023-08-09,974.9500122,975.2999878,963.5999756,972.7000122,972.7000122,19317331,ICICIBANK.NS,2023,8,Wednesday,11.70001220000006,-0.2307810628078066,High
2023-08-10,971.5499878,973.6500244,959.4500122,964.0999756,964.0999756,24858441,ICICIBANK.NS,2023,8,Thursday,14.20001220000006,-0.7668171780713041,High
2023-08-11,963.4000244,963.5,950.0,952.8499756,952.8499756,17162177,ICICIBANK.NS,2023,8,Friday,13.5,-1.0950849629229067,High
2023-08-14,949.0,962.9000244,946.0,959.5499878,959.5499878,19026691,ICICIBANK.NS,2023,8,Monday,16.900024400000007,1.111695237091681,High
2023-08-16,954.4500122,959.7999878,946.5999756,956.5,956.5,17930805,ICICIBANK.NS,2023,8,Wednesday,13.20001220000006,0.21478210213176563,High
2023-08-17,956.9500122,957.7999878,946.4500122,951.6500244,951.6500244,27077611,ICICIBANK.NS,2023,8,Thursday,11.349975600000107,-0.5538416565579454,High
2023-08-18,947.9000244,955.0,946.0,950.6500244,950.6500244,13257508,ICICIBANK.NS,2023,8,Friday,9.0,0.2901149835649271,Medium
2023-08-21,950.7000122,959.2999878,948.4000244,955.2000122,955.2000122,13358017,ICICIBANK.NS,2023,8,Monday,10.899963400000047,0.4733354309722391,Medium
2023-08-22,956.4000244,956.9500122,949.2999878,952.0,952.0,16872719,ICICIBANK.NS,2023,8,Tuesday,7.650024399999893,-0.46006109240329357,High
2023-08-23,954.0,968.0499878,949.8499756,966.8499756,966.8499756,14707331,ICICIBANK.NS,2023,8,Wednesday,18.20001220000006,1.3469576100628924,Medium
2023-08-24,972.5,982.4000244,966.75,968.9500122,968.9500122,28389740,ICICIBANK.NS,2023,8,Thursday,15.650024400000007,-0.3650373059126019,High
2023-08-25,962.9500122,972.5999756,960.2000122,970.4000244,970.4000244,10275758,ICICIBANK.NS,2023,8,Friday,12.399963400000047,0.7736655180033094,Low
2023-08-28,969.9500122,975.0,965.0499878,970.5499878,970.5499878,10481574,ICICIBANK.NS,2023,8,Monday,9.950012199999946,0.06185634233245356,Low
2023-08-29,973.2999878,977.25,965.6500244,967.75,967.75,13209913,ICICIBANK.NS,2023,8,Tuesday,11.599975599999993,-0.5702237613857343,Medium
2023-08-30,970.4500122,975.9000244,955.4000244,958.9000244,958.9000244,13936165,ICICIBANK.NS,2023,8,Wednesday,20.5,-1.190168236879738,Medium
2023-08-31,960.0,966.2000122,954.0499878,958.75,958.75,36675400,ICICIBANK.NS,2023,8,Thursday,12.150024399999893,-0.13020833333333331,High
2023-09-01,956.9000244,973.0499878,952.7999878,968.7000122,968.7000122,16268147,ICICIBANK.NS,2023,9,Friday,20.25,1.2331474029796188,High
2023-09-04,968.7000122,969.0499878,960.5499878,967.3499756,967.3499756,9512956,ICICIBANK.NS,2023,9,Monday,8.5,-0.13936580809304475,Low
2023-09-05,964.0999756,970.0,962.25,968.4000244,968.4000244,16623486,ICICIBANK.NS,2023,9,Tuesday,7.75,0.4460168975031777,High
2023-09-06,962.5499878,969.5,950.7999878,957.5,957.5,30802100,ICICIBANK.NS,2023,9,Wednesday,18.700012199999946,-0.5246468094132216,High
2023-09-07,957.4000244,969.5,954.7000122,965.6500244,965.6500244,13462347,ICICIBANK.NS,2023,9,Thursday,14.799987800000054,0.8617087726909399,Medium
2023-09-08,967.5,975.0,961.25,970.5499878,970.5499878,13086915,ICICIBANK.NS,2023,9,Friday,13.75,0.31524421705426914,Medium
2023-09-11,974.9500122,982.0,969.3499756,978.25,978.25,7894110,ICICIBANK.NS,2023,9,Monday,12.650024400000007,0.3384776407719146,Low
2023-09-12,990.0999756,995.1500244,982.6500244,990.5,990.5,20959591,ICICIBANK.NS,2023,9,Tuesday,12.5,0.040402424993253035,High
2023-09-13,989.7999878,994.8499756,980.5499878,989.7999878,989.7999878,21997553,ICICIBANK.NS,2023,9,Wednesday,14.29998779999994,0.0,High
2023-09-14,992.2999878,992.9000244,982.25,987.7000122,987.7000122,11464188,ICICIBANK.NS,2023,9,Thursday,10.650024400000007,-0.46356703180039144,Medium
2023-09-15,990.3499756,997.5,988.5999756,992.4500122,992.4500122,13307980,ICICIBANK.NS,2023,9,Friday,8.900024400000007,0.21204994716414802,Medium
2023-09-18,990.0999756,996.25,987.2999878,990.2000122,990.2000122,16713222,ICICIBANK.NS,2023,9,Monday,8.950012199999946,0.01010368674530377,High
2023-09-20,981.5499878,996.0,980.6500244,987.1500244,987.1500244,25741856,ICICIBANK.NS,2023,9,Wednesday,15.349975599999993,0.5705299444352917,High
2023-09-21,979.9500122,982.5,957.4500122,959.2999878,959.2999878,19742813,ICICIBANK.NS,2023,9,Thursday,25.049987800000054,-2.107252833605291,High
2023-09-22,956.5,960.9000244,947.4000244,950.2999878,950.2999878,12701888,ICICIBANK.NS,2023,9,Friday,13.5,-0.6481978254051173,Medium
2023-09-25,950.2999878,961.2000122,941.5,956.3499756,956.3499756,8997098,ICICIBANK.NS,2023,9,Monday,19.700012199999946,0.6366397850857617,Low
2023-09-26,958.9500122,958.9500122,947.0999756,948.7000122,948.7000122,10521409,ICICIBANK.NS,2023,9,Tuesday,11.850036599999953,-1.0688774044107574,Low
2023-09-27,946.2999878,946.5,934.4000244,943.0999756,943.0999756,15152973,ICICIBANK.NS,2023,9,Wednesday,12.099975599999993,-0.33816043973957877,Medium
2023-09-28,945.5,947.25,934.75,942.5999756,942.5999756,25991282,ICICIBANK.NS,2023,9,Thursday,12.5,-0.3067186039132741,High
2023-09-29,946.7000122,956.0,943.7000122,951.9000244,951.9000244,10447334,ICICIBANK.NS,2023,9,Friday,12.299987800000054,0.5492777155369366,Low
2023-10-03,951.5999756,951.5999756,939.0,940.2999878,940.2999878,11131636,ICICIBANK.NS,2023,10,Tuesday,12.599975599999993,-1.1874724768540588,Medium
2023-10-04,935.0,935.5,925.0,930.0499878,930.0499878,17334739,ICICIBANK.NS,2023,10,Wednesday,10.5,-0.5294130695187108,High
2023-10-05,935.2000122,943.9500122,934.5499878,940.8499756,940.8499756,10478856,ICICIBANK.NS,2023,10,Thursday,9.400024399999893,0.6041449236841709,Low
2023-10-06,946.0,946.5499878,938.0,945.2000122,945.2000122,6355755,ICICIBANK.NS,2023,10,Friday,8.549987800000054,-0.08456530655391686,Low
2023-10-09,940.25,942.0499878,936.2999878,938.5999756,938.5999756,6725306,ICICIBANK.NS,2023,10,Monday,5.75,-0.17548783834086748,Low
2023-10-10,940.4000244,957.5,940.3499756,951.2000122,951.2000122,11452715,ICICIBANK.NS,2023,10,Tuesday,17.150024400000007,1.1484461420437135,Medium
2023-10-11,954.9000244,962.0499878,950.75,953.0999756,953.0999756,12233117,ICICIBANK.NS,2023,10,Wednesday,11.299987800000054,-0.18850651942658106,Medium
2023-10-12,952.8499756,960.0999756,948.4000244,954.25,954.25,7836818,ICICIBANK.NS,2023,10,Thursday,11.699951199999987,0.1469302026395525,Low
2023-10-13,949.9500122,957.4000244,944.5499878,951.2999878,951.2999878,6650442,ICICIBANK.NS,2023,10,Friday,12.850036599999953,0.1421101723946172,Low
2023-10-16,948.5,954.8499756,946.1500244,951.4000244,951.4000244,5763024,ICICIBANK.NS,2023,10,Monday,8.699951199999987,0.3057484870848715,Low
2023-10-17,955.4000244,960.9500122,951.5,953.9000244,953.9000244,7747527,ICICIBANK.NS,2023,10,Tuesday,9.450012199999946,-0.1570022986907514,Low
2023-10-18,949.2000122,950.6500244,939.0999756,943.75,943.75,12000153,ICICIBANK.NS,2023,10,Wednesday,11.550048800000013,-0.5741689980985387,Medium
2023-10-19,936.0,945.0,934.0,935.75,935.75,8612676,ICICIBANK.NS,2023,10,Thursday,11.0,-0.02670940170940171,Low
2023-10-20,932.0,940.0,930.0,932.75,932.75,6586576,ICICIBANK.NS,2023,10,Friday,10.0,0.08047210300429185,Low
2023-10-23,942.0,944.7999878,925.4000244,929.9500122,929.9500122,11856890,ICICIBANK.NS,2023,10,Monday,19.399963400000047,-1.2791919108280312,Medium
2023-10-25,926.0499878,933.7999878,911.4000244,916.0999756,916.0999756,12593434,ICICIBANK.NS,2023,10,Wednesday,22.399963400000047,-1.0744573544715574,Medium
2023-10-26,914.2999878,916.5999756,899.0,908.6500244,908.6500244,21693345,ICICIBANK.NS,2023,10,Thursday,17.599975599999993,-0.6179550995724126,High
2023-10-27,916.0,918.1500244,911.2999878,912.75,912.75,8645505,ICICIBANK.NS,2023,10,Friday,6.850036599999953,-0.3548034934497817,Low
2023-10-30,909.0999756,926.2999878,908.2000122,924.9000244,924.9000244,7687791,ICICIBANK.NS,2023,10,Monday,18.099975600000107,1.7379880347672527,Low
2023-10-31,929.2999878,931.0,914.0999756,915.3499756,915.3499756,17211107,ICICIBANK.NS,2023,10,Tuesday,16.900024400000007,-1.5011312152306109,High
2023-11-01,913.7999878,917.5999756,909.2999878,914.0499878,914.0499878,12927203,ICICIBANK.NS,2023,11,Wednesday,8.29998779999994,0.027358284453678123,Medium
2023-11-02,920.0499878,924.7999878,912.7999878,919.9500122,919.9500122,9747311,ICICIBANK.NS,2023,11,Thursday,12.0,-0.010866322626574472,Low
2023-11-03,928.5499878,934.5,926.7999878,933.7999878,933.7999878,7146961,ICICIBANK.NS,2023,11,Friday,7.7000121999999465,0.5653976704516198,Low
2023-11-06,941.0,947.75,937.4000244,945.4500122,945.4500122,10338367,ICICIBANK.NS,2023,11,Monday,10.349975599999993,0.4729024654622685,Low
2023-11-07,943.5999756,950.4500122,930.4500122,948.0999756,948.0999756,15704942,ICICIBANK.NS,2023,11,Tuesday,20.0,0.47689700258190637,Medium
2023-11-08,948.4500122,948.4500122,934.0999756,935.75,935.75,17606074,ICICIBANK.NS,2023,11,Wednesday,14.350036599999953,-1.3390281023394506,High
2023-11-09,934.0,942.3499756,933.0,937.3499756,937.3499756,9406117,ICICIBANK.NS,2023,11,Thursday,9.349975599999993,0.35866976445396076,Low
2023-11-10,934.9000244,941.4500122,932.4000244,938.5999756,938.5999756,9560455,ICICIBANK.NS,2023,11,Friday,9.04998779999994,0.39575902272272806,Low
2023-11-13,940.9000244,940.9000244,932.0,934.4500122,934.4500122,11470096,ICICIBANK.NS,2023,11,Monday,8.900024400000007,-0.6855151485529135,Medium
2023-11-15,944.4000244,944.4000244,938.75,941.0999756,941.0999756,19492138,ICICIBANK.NS,2023,11,Wednesday,5.650024400000007,-0.3494333666601304,High
2023-11-16,939.0,946.2000122,934.0,936.0,936.0,19706373,ICICIBANK.NS,2023,11,Thursday,12.200012199999946,-0.3194888178913738,High
2023-11-17,926.5499878,938.4000244,920.1500244,921.8499756,921.8499756,10956653,ICICIBANK.NS,2023,11,Friday,18.25,-0.507259431426875,Low
2023-11-20,922.0,926.75,917.5,921.4500122,921.4500122,10562301,ICICIBANK.NS,2023,11,Monday,9.25,-0.05965160520607956,Low
2023-11-21,924.4000244,928.0499878,922.0,926.0999756,926.0999756,8989572,ICICIBANK.NS,2023,11,Tuesday,6.0499878000000535,0.1838977883090574,Low
2023-11-22,923.25,925.2000122,914.75,922.75,922.75,12197979,ICICIBANK.NS,2023,11,Wednesday,10.450012199999946,-0.05415651232060655,Medium
2023-11-23,923.0,925.3499756,918.5,923.0,923.0,5534614,ICICIBANK.NS,2023,11,Thursday,6.849975599999993,0.0,Low
2023-11-24,921.5,930.4000244,920.2000122,929.4000244,929.4000244,7452002,ICICIBANK.NS,2023,11,Friday,10.20001220000006,0.8573005317417263,Low
2023-11-28,928.9000244,931.0499878,921.7000122,925.5,925.5,14231987,ICICIBANK.NS,2023,11,Tuesday,9.349975600000107,-0.3660269470006924,Medium
2023-11-29,930.9000244,941.0999756,926.0,939.5999756,939.5999756,11680078,ICICIBANK.NS,2023,11,Wednesday,15.099975599999993,0.9345741725173369,Medium
2023-11-30,938.9500122,940.8499756,928.2000122,934.9500122,934.9500122,23950292,ICICIBANK.NS,2023,11,Thursday,12.649963400000047,-0.42600776910666727,High
2023-12-01,935.9500122,952.0,933.0,946.7000122,946.7000122,16986046,ICICIBANK.NS,2023,12,Friday,19.0,1.1485656135343765,High
2023-12-04,963.7000122,994.8499756,961.4000244,991.2000122,991.2000122,33131257,ICICIBANK.NS,2023,12,Monday,33.44995119999999,2.8535851044788436,High
2023-12-05,1002.5,1015.75,995.0499878,1013.450012,1013.450012,31378461,ICICIBANK.NS,2023,12,Tuesday,20.700012199999946,1.0922705236907746,High
2023-12-06,1014.0,1016.25,1000.25,1003.25,1003.25,18786590,ICICIBANK.NS,2023,12,Wednesday,16.0,-1.0601577909270217,High
2023-12-07,996.3499756,1002.200012,988.1500244,999.0,999.0,11841945,ICICIBANK.NS,2023,12,Thursday,14.049987600000009,0.2659732488480433,Medium
2023-12-08,994.5,1012.849976,993.25,1010.849976,1010.849976,16116363,ICICIBANK.NS,2023,12,Friday,19.59997599999997,1.6440398190045218,High
2023-12-11,1007.099976,1020.0,1004.650024,1017.099976,1017.099976,11714606,ICICIBANK.NS,2023,12,Monday,15.34997599999997,0.992950078275049,Medium
2023-12-12,1017.099976,1021.0,1008.599976,1015.700012,1015.700012,12380856,ICICIBANK.NS,2023,12,Tuesday,12.40002400000003,-0.13764271291261485,Medium
2023-12-13,1014.799988,1020.700012,1009.200012,1013.900024,1013.900024,15887040,ICICIBANK.NS,2023,12,Wednesday,11.5,-0.08868387964544935,Medium
2023-12-14,1022.25,1040.0,1021.25,1033.650024,1033.650024,16317672,ICICIBANK.NS,2023,12,Thursday,18.75,1.115189435069702,High
2023-12-15,1043.650024,1043.699951,1025.699951,1037.400024,1037.400024,14306067,ICICIBANK.NS,2023,12,Friday,18.0,-0.5988597572245157,Medium
2023-12-18,1029.949951,1029.949951,1018.0,1021.450012,1021.450012,8592711,ICICIBANK.NS,2023,12,Monday,11.949951000000056,-0.8252768973625633,Low
2023-12-19,1025.5,1025.5,1012.599976,1015.450012,1015.450012,10094256,ICICIBANK.NS,2023,12,Tuesday,12.90002400000003,-0.9800085811799107,Low
2023-12-20,1022.0,1022.0,1002.0,1006.650024,1006.650024,16490281,ICICIBANK.NS,2023,12,Wednesday,20.0,-1.5019545988258287,High
2023-12-21,996.5499878,1010.900024,989.2000122,1004.400024,1004.400024,18064916,ICICIBANK.NS,2023,12,Thursday,21.700011800000084,0.7877212679847445,High
2023-12-22,1002.950012,1009.549988,991.5999756,994.2999878,994.2999878,20881976,ICICIBANK.NS,2023,12,Friday,17.95001239999999,-0.86245815808415,High
2023-12-26,994.9000244,997.5,989.9000244,995.0999756,995.0999756,14339699,ICICIBANK.NS,2023,12,Tuesday,7.599975599999993,0.020097617358143346,Medium
2023-12-27,997.9500122,1004.900024,992.0,1002.25,1002.25,12996468,ICICIBANK.NS,2023,12,Wednesday,12.90002400000003,0.43088208301342146,Medium
2023-12-28,1008.0,1011.700012,999.0999756,1005.900024,1005.900024,24915990,ICICIBANK.NS,2023,12,Thursday,12.600036400000022,-0.20833095238094937,High
2023-12-29,1004.049988,1008.549988,993.7000122,996.5999756,996.5999756,12280140,ICICIBANK.NS,2023,12,Friday,14.849975800000038,-0.7419961644379793,Medium
2024-01-01,991.5499878,1004.849976,991.0,999.4000244,999.4000244,7683792,ICICIBANK.NS,2024,1,Monday,13.84997599999997,0.7916934795609457,Low
2024-01-02,997.0,997.6500244,980.25,982.25,982.25,16263825,ICICIBANK.NS,2024,1,Tuesday,17.400024400000007,-1.4794383149448345,High
2024-01-03,984.7000122,988.0,975.0999756,984.0499878,984.0499878,16826752,ICICIBANK.NS,2024,1,Wednesday,12.900024400000007,-0.06601242936390542,High
2024-01-04,986.4000244,989.1500244,981.9000244,987.1500244,987.1500244,22789140,ICICIBANK.NS,2024,1,Thursday,7.25,0.07603406137953052,High
2024-01-05,988.0,998.2999878,983.7999878,993.7000122,993.7000122,14875499,ICICIBANK.NS,2024,1,Friday,14.5,0.5769243117408853,Medium
2024-01-08,994.0,998.2000122,980.2999878,982.0,982.0,8393164,ICICIBANK.NS,2024,1,Monday,17.900024399999893,-1.2072434607645874,Low
2024-01-09,986.25,995.0,975.4000244,979.75,979.75,14660414,ICICIBANK.NS,2024,1,Tuesday,19.599975599999993,-0.6590621039290241,Medium
2024-01-10,974.2999878,994.9500122,974.2999878,993.0499878,993.0499878,9409181,ICICIBANK.NS,2024,1,Wednesday,20.650024399999893,1.9244586097489427,Low
2024-01-11,995.2999878,998.5,986.8499756,991.1500244,991.1500244,6451345,ICICIBANK.NS,2024,1,Thursday,11.650024400000007,-0.4169560384676664,Low
2024-01-12,994.7999878,1008.700012,991.75,1003.5,1003.5,12255743,ICICIBANK.NS,2024,1,Friday,16.950012000000015,0.8745488848708193,Medium
2024-01-15,1003.5,1011.650024,999.25,1009.849976,1009.849976,12388044,ICICIBANK.NS,2024,1,Monday,12.40002400000003,0.6327828599900318,Medium
2024-01-16,1006.099976,1015.799988,1004.599976,1009.049988,1009.049988,11505126,ICICIBANK.NS,2024,1,Tuesday,11.200012000000015,0.29321261011540023,Medium
2024-01-17,987.9000244,1007.799988,976.75,981.75,981.75,41914771,ICICIBANK.NS,2024,1,Wednesday,31.049987999999985,-0.6225350995142669,High
2024-01-18,973.9500122,994.2999878,970.1500244,986.3499756,986.3499756,17902484,ICICIBANK.NS,2024,1,Thursday,24.149963400000047,1.2731621997714726,High
2024-01-19,991.2999878,1010.900024,987.5499878,999.2000122,999.2000122,23271148,ICICIBANK.NS,2024,1,Friday,23.350036199999977,0.7969357911052213,High
2024-01-23,1059.099976,1059.400024,1021.200012,1029.050049,1029.050049,50797448,ICICIBANK.NS,2024,1,Tuesday,38.200012000000015,-2.837307872812191,High
2024-01-24,1029.449951,1035.949951,996.6500244,999.2000122,999.2000122,34578943,ICICIBANK.NS,2024,1,Wednesday,39.29992660000005,-2.9384564806298297,High
2024-01-25,998.4000244,1015.099976,988.1500244,1009.950012,1009.950012,28315035,ICICIBANK.NS,2024,1,Thursday,26.949951599999963,1.1568496912789146,High
2024-01-29,1020.0,1032.0,1010.0,1016.400024,1016.400024,14078922,ICICIBANK.NS,2024,1,Monday,22.0,-0.3529388235294088,Medium
2024-01-30,1014.950012,1023.849976,1008.0,1016.900024,1016.900024,16085742,ICICIBANK.NS,2024,1,Tuesday,15.84997599999997,0.19212887107192972,High
2024-01-31,1016.799988,1039.0,1003.25,1028.150024,1028.150024,25627447,ICICIBANK.NS,2024,1,Wednesday,35.75,1.1162506032602397,High
2024-02-01,1033.949951,1033.949951,1017.400024,1025.150024,1025.150024,13058880,ICICIBANK.NS,2024,2,Thursday,16.549927000000025,-0.8510979657660456,Medium
2024-02-02,1037.099976,1050.0,1021.650024,1024.0,1024.0,14774650,ICICIBANK.NS,2024,2,Friday,28.34997599999997,-1.263135310303003,Medium
2024-02-05,1022.5,1026.449951,1012.099976,1023.5,1023.5,12948430,ICICIBANK.NS,2024,2,Monday,14.349975000000086,0.09779951100244498,Medium
2024-02-06,1023.549988,1034.900024,1016.700012,1026.400024,1026.400024,12886927,ICICIBANK.NS,2024,2,Tuesday,18.200012000000015,0.27844619543877575,Medium
2024-02-07,1028.0,1031.550049,1013.0,1022.150024,1022.150024,16410895,ICICIBANK.NS,2024,2,Wednesday,18.550048999999944,-0.569063813229569,High
2024-02-08,1024.099976,1028.25,985.25,989.2999878,989.2999878,20565502,ICICIBANK.NS,2024,2,Thursday,43.0,-3.398104581148815,High
2024-02-09,988.8499756,1013.75,985.5,1010.700012,1010.700012,12799837,ICICIBANK.NS,2024,2,Friday,28.25,2.209641193219646,Medium
2024-02-12,1010.400024,1012.200012,985.25,996.0999756,996.0999756,8050066,ICICIBANK.NS,2024,2,Monday,26.950012000000015,-1.4152858333661358,Low
2024-02-13,1006.0,1027.050049,1000.299988,1019.799988,1019.799988,18706292,ICICIBANK.NS,2024,2,Tuesday,26.75006099999996,1.3717681908548691,High
2024-02-14,1009.549988,1035.699951,1007.549988,1022.700012,1022.700012,17878720,ICICIBANK.NS,2024,2,Wednesday,28.14996300000007,1.3025629395579796,High
2024-02-15,1022.849976,1026.650024,1006.599976,1016.650024,1016.650024,10069878,ICICIBANK.NS,2024,2,Thursday,20.05004800000006,-0.6061448057363927,Low
2024-02-16,1023.200012,1026.199951,1016.900024,1023.25,1023.25,7159395,ICICIBANK.NS,2024,2,Friday,9.299927000000025,0.0048854573312871324,Low
2024-02-19,1023.349976,1046.0,1023.349976,1043.75,1043.75,9388255,ICICIBANK.NS,2024,2,Monday,22.65002400000003,1.9934552673503,Low
2024-02-20,1041.050049,1052.650024,1033.25,1048.75,1048.75,11293528,ICICIBANK.NS,2024,2,Tuesday,19.40002400000003,0.7396331240170813,Medium
2024-02-21,1056.800049,1064.0,1048.0,1051.949951,1051.949951,15946325,ICICIBANK.NS,2024,2,Wednesday,16.0,-0.45894187879621207,High
2024-02-22,1056.0,1066.0,1040.300049,1062.699951,1062.699951,13432573,ICICIBANK.NS,2024,2,Thursday,25.699951000000056,0.6344650568181871,Medium
2024-02-23,1070.0,1070.0,1057.650024,1061.300049,1061.300049,13142759,ICICIBANK.NS,2024,2,Friday,12.34997599999997,-0.8130795327102855,Medium
2024-02-26,1053.099976,1062.300049,1050.5,1054.199951,1054.199951,7875941,ICICIBANK.NS,2024,2,Monday,11.800048999999944,0.10445114662124785,Low
2024-02-27,1050.75,1066.199951,1046.5,1060.199951,1060.199951,10580973,ICICIBANK.NS,2024,2,Tuesday,19.699951000000056,0.8993529383773547,Low
2024-02-28,1063.0,1064.849976,1042.150024,1046.199951,1046.199951,7730332,ICICIBANK.NS,2024,2,Wednesday,22.69995199999994,-1.580437347130757,Low
2024-02-29,1043.050049,1060.699951,1038.5,1052.199951,1052.199951,20944844,ICICIBANK.NS,2024,2,Thursday,22.199951000000056,0.8772255951449661,High
2024-03-01,1055.0,1089.949951,1054.0,1086.900024,1086.900024,14909562,ICICIBANK.NS,2024,3,Friday,35.949951000000056,3.0236989573459745,Medium
2024-03-04,1081.0,1095.0,1080.099976,1092.349976,1092.349976,11424581,ICICIBANK.NS,2024,3,Monday,14.90002400000003,1.0499515263644745,Medium
2024-03-05,1086.199951,1099.5,1076.5,1088.050049,1088.050049,9222544,ICICIBANK.NS,2024,3,Tuesday,23.0,0.1703275716682378,Low
2024-03-06,1080.300049,1113.550049,1080.300049,1097.099976,1097.099976,21796484,ICICIBANK.NS,2024,3,Wednesday,33.25,1.555116748865391,High
2024-03-07,1094.949951,1095.0,1082.699951,1087.949951,1087.949951,9963926,ICICIBANK.NS,2024,3,Thursday,12.300048999999944,-0.6392986267186928,Low
2024-03-11,1087.949951,1087.949951,1076.75,1078.699951,1078.699951,13310362,ICICIBANK.NS,2024,3,Monday,11.199951000000056,-0.8502229345658566,Medium
2024-03-12,1077.050049,1094.800049,1055.650024,1076.849976,1076.849976,21785435,ICICIBANK.NS,2024,3,Tuesday,39.150024999999914,-0.018576016981358946,High
2024-03-13,1077.150024,1089.650024,1073.150024,1083.949951,1083.949951,24855870,ICICIBANK.NS,2024,3,Wednesday,16.5,0.6312887572288653,High
2024-03-14,1080.0,1097.099976,1075.050049,1083.599976,1083.599976,14231421,ICICIBANK.NS,2024,3,Thursday,22.049927000000025,0.3333311111111083,Medium
2024-03-15,1072.0,1086.25,1070.0,1080.349976,1080.349976,66192734,ICICIBANK.NS,2024,3,Friday,16.25,0.7789156716417882,High
2024-03-18,1075.050049,1084.800049,1060.050049,1081.199951,1081.199951,8769440,ICICIBANK.NS,2024,3,Monday,24.75,0.5720572735865352,Low
2024-03-19,1078.449951,1088.75,1075.25,1083.949951,1083.949951,16708715,ICICIBANK.NS,2024,3,Tuesday,13.5,0.5099912142329913,High
2024-03-20,1080.0,1090.0,1067.5,1084.5,1084.5,18725251,ICICIBANK.NS,2024,3,Wednesday,22.5,0.4166666666666667,High
2024-03-21,1092.0,1100.0,1079.150024,1081.800049,1081.800049,19992607,ICICIBANK.NS,2024,3,Thursday,20.84997599999997,-0.9340614468864519,High
2024-03-22,1081.150024,1093.699951,1078.699951,1090.300049,1090.300049,17214415,ICICIBANK.NS,2024,3,Friday,15.0,0.8463233405986507,High
2024-03-26,1081.0,1089.150024,1076.949951,1083.699951,1083.699951,13367635,ICICIBANK.NS,2024,3,Tuesday,12.200072999999975,0.24976419981499126,Medium
2024-03-27,1083.699951,1092.5,1079.550049,1083.75,1083.75,26907245,ICICIBANK.NS,2024,3,Wednesday,12.949951000000056,0.004618344769118154,High
2024-03-28,1085.0,1105.050049,1085.0,1093.300049,1093.300049,22070566,ICICIBANK.NS,2024,3,Thursday,20.050048999999944,0.7649814746543727,High
2024-04-01,1096.050049,1102.949951,1094.449951,1099.650024,1099.650024,10848191,ICICIBANK.NS,2024,4,Monday,8.5,0.32844987355135696,Low
2024-04-02,1094.449951,1094.449951,1079.25,1081.199951,1081.199951,14380396,ICICIBANK.NS,2024,4,Tuesday,15.199951000000056,-1.2106538072292352,Medium
2024-04-03,1075.0,1083.650024,1072.25,1077.199951,1077.199951,15477184,ICICIBANK.NS,2024,4,Wednesday,11.40002400000003,0.20464660465116796,Medium
2024-04-04,1084.75,1085.800049,1063.449951,1078.849976,1078.849976,21419689,ICICIBANK.NS,2024,4,Thursday,22.35009799999989,-0.5439063378658705,High
2024-04-05,1070.0,1086.0,1067.449951,1083.400024,1083.400024,15340637,ICICIBANK.NS,2024,4,Friday,18.550048999999944,1.252338691588788,Medium
2024-04-08,1078.349976,1091.75,1076.300049,1087.150024,1087.150024,8023461,ICICIBANK.NS,2024,4,Monday,15.449951000000056,0.816066044962759,Low
2024-04-09,1091.949951,1115.25,1088.300049,1107.050049,1107.050049,12298463,ICICIBANK.NS,2024,4,Tuesday,26.949951000000056,1.3828562367873478,Medium
2024-04-10,1110.949951,1116.550049,1105.150024,1109.400024,1109.400024,10598000,ICICIBANK.NS,2024,4,Wednesday,11.400024999999914,-0.13951366563407186,Low
2024-04-12,1103.5,1111.849976,1095.800049,1104.400024,1104.400024,12216657,ICICIBANK.NS,2024,4,Friday,16.049927000000025,0.08156085183507299,Medium
2024-04-15,1100.199951,1106.150024,1076.599976,1078.349976,1078.349976,10526597,ICICIBANK.NS,2024,4,Monday,29.55004800000006,-1.9860003611289094,Low
2024-04-16,1070.550049,1074.599976,1062.699951,1067.050049,1067.050049,11278092,ICICIBANK.NS,2024,4,Tuesday,11.900024999999914,-0.32693473820017543,Medium
2024-04-18,1074.0,1078.050049,1050.449951,1055.449951,1055.449951,16564216,ICICIBANK.NS,2024,4,Thursday,27.60009799999989,-1.727192644320293,High
2024-04-19,1052.949951,1072.0,1048.099976,1067.25,1067.25,11284433,ICICIBANK.NS,2024,4,Friday,23.90002400000003,1.3580938948160834,Medium
2024-04-22,1078.800049,1088.699951,1070.349976,1086.650024,1086.650024,10346714,ICICIBANK.NS,2024,4,Monday,18.349975000000086,0.7276580129261828,Low
2024-04-23,1100.0,1100.0,1082.699951,1090.25,1090.25,9848215,ICICIBANK.NS,2024,4,Tuesday,17.300048999999944,-0.8863636363636364,Low
2024-04-24,1092.25,1098.400024,1089.0,1096.75,1096.75,5461309,ICICIBANK.NS,2024,4,Wednesday,9.40002400000003,0.4119935912108034,Low
2024-04-25,1090.0,1125.650024,1089.949951,1113.75,1113.75,19905338,ICICIBANK.NS,2024,4,Thursday,35.700072999999975,2.1788990825688073,High
2024-04-26,1112.150024,1120.0,1102.75,1107.900024,1107.900024,14190059,ICICIBANK.NS,2024,4,Friday,17.25,-0.3821426883321274,Medium
2024-04-29,1108.0,1163.449951,1107.900024,1160.150024,1160.150024,28576652,ICICIBANK.NS,2024,4,Monday,55.549927000000025,4.706680866425995,High
